Date,Name,Description,Component,Affiliate Name,Class Name,Fully Formatted Result,Is Personal Record,Personal Record Description,Is Rx,Is Rx Plus,Result Type Label,Full Comment
02/27/2020,Half Kyle,"1min Sumo Squat Hold
100m Sprint
25 Box Jumps [20""]
45m Frog Jumps
25 Burpee Tuck Jumps
45m Walking Lunges
25 Toes to Bar
100m Sprint
25 Squat Jumps
45m Frog Jumps
25 Pull Ups
43m Walking Lunges
26 Box Pistols [10"" Box]
1min Sumo Squat Hold",8049788,Fitness Battalion,CrossFit Coaches Class,30:00,0,,1,0,Time,
02/26/2020,Metcon,"15min AMRAP
5 Band Resisted Push Ups [Green-3, Purple-3] or Handstand Push Ups
5 KB Swings [100/70]
5 Goblet Squats",14973837,Fitness Battalion,CrossFit: 17:30,8 + 0,0,,1,0,AMRAP - Rounds and Reps,
02/25/2020,Metcon,"10 KB Snatches [53/35]
30m Waiters Walk (R)
20 Goblet Squats
30m Waiters Walk (L)
30 Burpees
30m Waiters Walk (R)
40 KB Swings
30m Waiters Walk (L)
50 KB Deadlifts
100 Double Unders",14973832,Fitness Battalion,CrossFit Coaches Class,12:00,0,,1,0,Time,
02/24/2020,Captain Davis,"5 Rounds
15 Deadlifts [95/65]
10 Hang Power Cleans
5 Push Jerks",8242507,Fitness Battalion,CrossFit Coaches Class,4:44,1,PR by 3:46 vs. 8:30 on 09/29/2017,1,0,Time,
02/22/2020,FB Triathlon,"FB Triathlon
10min AMRAP
Back Squats [BW][75%BW][Box]
Then
5000m Row
Then
Monster Mile Run
(Each back squat completed earns a 6 second reduction of your total time)",8415434,Fitness Battalion,CrossFit Coaches Class,49:00,0,,1,0,Time,49
02/19/2020,2min Double-Unders,Get as many double-unders as possible in two minutes. Record your largest unbroken set in the notes,8435223,Fitness Battalion,CrossFit: 18:30,100 Reps,0,,1,0,AMRAP - Reps,
02/19/2020,Max Double-Unders,Max set of Unbroken Double-Unders,165,Fitness Battalion,CrossFit: 18:30,44 Reps,0,,1,0,AMRAP - Reps,
02/19/2020,Mary,"20-Minute AMRAP of:  
5 Handstand Push-ups  
10 Pistols (5-L / 5-R)  
15 Pull-ups",173,Fitness Battalion,CrossFit: 18:30,8 + 25,0,,1,0,AMRAP - Rounds and Reps,
02/07/2020,Metcon,"15min AMRAP
500m Bike
10 MB TTB [10/6]
20 GHD Sit Ups",14716227,Fitness Battalion,CrossFit: 6:30,5 + 50,0,,0,0,AMRAP - Rounds and Reps,regular TTB
02/05/2020,DT,"5 Rounds for time:  
12 Deadlifts, 155# / 105# 
9 Hang Power Cleans, 155# / 105#
6 Push Jerks, 155# / 105#",116,Fitness Battalion,CrossFit: 18:30,7:33,1,PR by 2:02 vs. 9:35 on 03/25/2019,1,0,Time,
02/04/2020,Metcon,"21-15-9
WB Shots [14/20]
Deficit Push Ups [4""]",14716192,Fitness Battalion,CrossFit Coaches Class,3:45,0,,1,0,Time,
01/31/2020,Metcon,"21-15-9
Thrusters [95/65]
Box Jumps [24""]",14642123,Fitness Battalion,CrossFit: 12:00,5:28,0,,1,0,Time,
01/30/2020,Metcon,"15min AMRAP
Sumo Bear Complex [135/85]",14642100,Fitness Battalion,CrossFit Coaches Class,145 lbs,0,,1,0,Weight,
01/29/2020,The Seven,"7 Rounds of:  
7 Handstand Push-ups  
7 Thrusters, 135#  
7 Knees-To-Elbows  
7 Deadlifts, 245#  
7 Burpees  
7 Kettlebell Swings, 70#  
7 Pull-ups",211,Fitness Battalion,CrossFit: 17:30,38:52,0,,1,0,Time,
01/24/2020,Max Double-Unders,Max set of Unbroken Double-Unders,165,Fitness Battalion,CrossFit: 12:00,51 Reps,1,PR by 16 reps vs. 35 on 04/08/2019,1,0,AMRAP - Reps,
01/24/2020,2min Double-Unders,Get as many double-unders as possible in two minutes. Record your largest unbroken set in the notes,8435223,Fitness Battalion,CrossFit: 12:00,115 Reps,0,,1,0,AMRAP - Reps,
01/24/2020,Metcon,"3 Rounds
20/15cal Bike
15 Hang Power Cleans [95/65]
10 Thrusters
Rest 3min",14541996,Fitness Battalion,CrossFit: 12:00,6:03,0,,1,0,Each Round For Time,
01/22/2020,Metcon,"3 Rounds of 5min
15 DB Thrusters [50s/35s]
15 DB Sit Ups [50s/35s]
AMRAP Flips/Tosses
(After you finish your db sit ups, tire flip or slosh ball toss for max reps until the 5min mark. Each flip at [225/145] or toss at [84/48] is worth 1 point, each flip [345/225] or toss [120/84] is worth 3, and each toss at [160/120] is worth 5. Gear is first come first served)",14541972,Fitness Battalion,CrossFit: 17:30,91 Reps,0,,1,0,AMRAP - Reps,
01/20/2020,Fran Smash,"15-12-9
Thrusters [135/95]
Bar Muscle Ups",8755287,Fitness Battalion,CrossFit: 12:00,17:28,0,,0,0,Time,"105#, double band mu reds"
01/17/2020,Metcon,"5 Rounds
250m Run
10 Push Presses [95/65]
10 Overhead Squats",14468694,Fitness Battalion,CrossFit: 6:30,10:25,0,,1,0,Time,
01/15/2020,Metcon,"21-15-9
KB Swings [70/53]
Box Jumps [24""] ",14468590,Fitness Battalion,CrossFit: 17:30,3:49,0,,1,0,Time,
01/14/2020,Metcon,"15min AMRAP
5 Hang Power Snatches [135/85]
3 Barbel Burpees
10 Front Squats",14468565,Fitness Battalion,CrossFit Coaches Class,7 + 0,0,,1,0,AMRAP - Rounds and Reps,
01/09/2020,Metcon,"30/21cal Row
20 OH Lunges [95/65]
25/17cal Bike
20 OH Lunges
400m Run
20 OH Lunges",14395449,Fitness Battalion,CrossFit Coaches Class,9:15,0,,1,0,Time,
01/08/2020,Metcon,"10min Death By
WB Shots [20/14]
Then
KB Swings [70/53]
Then
Burpee Tuck Jumps
Then
15min Death By
Cal Row",14395431,Fitness Battalion,CrossFit: 17:30,440 Total Reps,0,,1,0,Each Round For Reps,
01/07/2020,Metcon,"21 Thrusters [95/65]
60m Bear Crawl
15 Thrusters
40m Bear Crawl
9 Thrusters
20m Bear Crawl",14395419,Fitness Battalion,CrossFit Coaches Class,4:47,0,,1,0,Time,
01/03/2020,Baseline,"500m Row
40 Squats
30 Sit Ups
20 Push Ups
10 Pull Ups",8542589,Fitness Battalion,CrossFit Coaches Class,4:50,1,PR by 0:10 vs. 5:00 on 01/28/2019,1,0,Time,
01/02/2020,Metcon,"15min AMRAP
5 Thrusters [135/85]
15m Death March [50s/35s]
3 Bear Complexes
15m Death March",14317657,Fitness Battalion,CrossFit: 6:30,3 + 5,0,,1,0,AMRAP - Rounds and Reps,105#
12/28/2019,Iron Triathlon (Sprint),"10-9-8...-2-1-2...8-9-10
BS [185/115]
Press [105/70]
DL [225/135]

(Press is either bench or push. Stay with one or the other throughout)",12439097,Fitness Battalion,CrossFit: 10:00,43:53,0,,0,0,Time,
12/27/2019,Nancy Smash,"3 Rounds
400m Sandbag Run
20 Overhead Squats [135/95]",8415405,Fitness Battalion,CrossFit: 12:00,26:55,0,,1,0,Time,"115#, 50# bag"
12/26/2019,Metcon,"15min AMRAP
10 1-Arm DB Snatches (R) [50/35]
5 1-Leg DB DL (R)
10 1-Arm DB Snatches (L)
5 1-Leg DB DL (L)
30m Frog Jumps",14251490,Fitness Battalion,CrossFit: 6:30,5 + 11,0,,1,0,AMRAP - Rounds and Reps,
12/17/2019,Metcon,"5 Rounds
10 Pull Ups
10 Shoulder Presses [95/65]
30m Burpee Broad Jumps",14176650,Fitness Battalion,CrossFit Coaches Class,15:30,0,,1,0,Time,
12/16/2019,Metcon,"21-15-9
Cal Bike
WB Shots [20/14]
(15-11-6 cals for ladies)",14176424,Fitness Battalion,CrossFit Coaches Class,6:11,0,,1,0,Time,men's RX calories
12/12/2019,Helen,"3 Rounds for time of:  
400m Run  
21 Kettlebell Swings, 53# / 35#  
12 Pull-ups",134,Fitness Battalion,CrossFit Coaches Class,9:11,1,PR by 0:36 vs. 9:47 on 05/06/2019,1,0,Time,
12/11/2019,Metcon,"15min AMRAP
3 Power Cleans [225/135]
4 Front Rack Lunges
5 Bar Facing Burpees",14109479,Fitness Battalion,CrossFit: 17:30,10 + 0,0,,1,0,AMRAP - Rounds and Reps,
12/06/2019,Metcon,"15min AMRAP
7 Hang Power Cleans [95/65]
7 Shoulder to Overhead",14026348,Fitness Battalion,CrossFit Coaches Class,10 + 3,0,,1,0,AMRAP - Rounds and Reps,
12/04/2019,Isabel,"For Time:  30 Snatches, 135# / 95#",142,Fitness Battalion,CrossFit: 18:30,2:55,1,PR by 1:35 vs. 4:30 on 01/21/2019,1,0,Time,
11/27/2019,Kendrick Smash,"400m Sandbag Carry [Red+Black/2x45]
10 Strict CTB Pull Ups
10 Clusters [135/95]
35 Tire Flips [345/225]
10 Power Snatches
10 Strict CTB Pull UPs
400m Sandbag Carry",12344722,Fitness Battalion,CrossFit: 17:30,19:30,0,,1,0,Time,
11/20/2019,Metcon,"21-15-9
Bench Press [135/95]
Goblet GHD Sit Ups [35/26]",13879702,Fitness Battalion,CrossFit: 18:30,8:17,0,,0,0,Time,75#
11/16/2019,Metcon,"Complete for time:

2 Rounds
30 WB Shots [20/14][14/10]
20cal Row

10 Bar Facing Burpees
8 G2O [95/65][65/45]
15 DL [225/155][135/95]
15 [HSPU][HRPU]

2 Rounds
4 DB Thrusters [50s/35s][35s/20s]
6 TTB
24 DU [Singles]

15 DL [315/205][185/135]
50ft [HSW][Bear Crawl]
10 Bar Facing Burpees
8 G2O [95/65][65/45]
30 Box Jumps [24""/20""]
5 C&J [185/115][115/75]

2 Rounds
4 DB Thrusters [50s/35s][35s/20s]
6 TTB
24 DU [Singles]

30 Pistols
5 C&J [185/115][115/75]


(At any time during the workout complete [Muscle Ups][Pull Ups] to earn 20sec per rep off your final time)",13816410,Fitness Battalion,CrossFit: 10:00,33:57,0,,1,0,Time,
11/15/2019,Metcon,"15min AMRAP
5 Back Squats [245/145]
10 DB Overhead Presses [50s/35s]
15m DB Bear Crawl",13816386,Fitness Battalion,CrossFit: 12:00,4 + 0,0,,1,0,AMRAP - Rounds and Reps,155#
11/14/2019,5min KB Long Cycle,This is an AMRAP of a swinging style clean and press/jerk with a kb in each hand. You must keep the kbs in your hands for the duration; they may not be put down. Record your kb weight in your notes,12170650,Fitness Battalion,CrossFit Coaches Class,25 Reps,0,,1,0,AMRAP - Reps,35 lb kettle bells
11/14/2019,Metcon,"3 rounds
100 DU
15 Power Cleans [135/85]
10 Overhead Lunges",13816348,Fitness Battalion,CrossFit Coaches Class,13:08,0,,1,0,Time,
11/13/2019,Metcon,"21-15-9
Deadlift [225/135]
TTB",13816321,Fitness Battalion,CrossFit: 17:30,5:17,0,,1,0,Time,
11/08/2019,Crossfit Games Open 20.5 (Ages 16-54),"For time, partitioned any way:

40 muscle-ups
80-cal. row
120 wall-ball shots, 20/14 lb ball to 10 /9 ft.

Time cap: 20 min.",13767608,Fitness Battalion,CrossFit: 12:00,20:00,0,,1,0,Time,"200 reps, tb 11:58"
11/07/2019,Metcon,"3 Rounds
400m Run
10 DB Clean and Jerks [35s/20s]
15m Duck Walk
15m Bear Crawl
15m Duck Walk",13697173,Fitness Battalion,CrossFit Coaches Class,10:17,0,,1,0,Time,
11/06/2019,Filthy Fifty,"For Time:  
50 Box jumps, 24""   
50 Jumping pull-ups  
50 Kettlebell swings, 1 pood  
50 steps Walking Lunge  
50 Knees to elbows  
50 Push press, 45#   
50 Back extensions   
50 Wall ball shots, 20#  
50 Burpees 
50 Double unders",121,Fitness Battalion,CrossFit: 18:30,22:53,1,PR by 3:12 vs. 26:05 on 05/17/2019,1,0,Time,
11/05/2019,Metcon,"20-16-10
OH Lunges [95/65]
Pull Ups",13697150,Fitness Battalion,CrossFit Coaches Class,5:36,0,,1,0,Time,
11/04/2019,Metcon,"15min AMRAP
10 Deadlifts [135/85]
3 Power Snatches
10/7cal Bike",13697136,Fitness Battalion,CrossFit Coaches Class,10 + 8,0,,1,0,AMRAP - Rounds and Reps,
11/01/2019,Crossfit Games Open 20.4 (Ages 16-54),"For time:

30 box jumps, 24 in/20 in
15 clean and jerks, 95 / 65lb
30 box jumps, 24 in /20 in
15 clean and jerks, 135 / 85 lb
30 box jumps, 24 in /20 in
10 clean and jerks, 185 / 115 lb
30 single-leg squats
10 clean and jerks, 225 / 145 lb
30 single-leg squats
5 clean and jerks, 275 lb / 175 lb
30 single-leg squats
5 clean and jerks, 315 lb / 205 lb

Time cap: 20 minutes",13698062,Fitness Battalion,CrossFit: 12:00,20:00,0,,1,0,Time,"183 reps, tb 14:00"
10/30/2019,Metcon,"15min AMRAP
15m Frog Jumps
3 Strict HSPU
15m Frog Jumps
4 Front Rack Lunges [185/115]",13666113,Fitness Battalion,CrossFit: 18:30,7 + 5,0,,0,0,AMRAP - Rounds and Reps,kipping hspu
10/29/2019,Donkey Kong,"2 Rounds
40 Push Ups
30 Deadlifts [185/115]
20 Pull Ups
10 Squat Cleans",13456854,Fitness Battalion,CrossFit Coaches Class,16:30,0,,1,0,Time,
10/28/2019,Crossfit Games Open 20.3 and 18.4 (Ages 16-54),"21 deadlifts 225/155 lb
21 handstand push-ups
15 deadlifts 225/155 lb
15 handstand push-ups
9 deadlifts 225/155 lb
9 handstand push-ups
21 deadlifts 315/205 lb
50-ft. handstand walk
15 deadlifts 315/205 lb
50-ft. handstand walk
9 deadlifts 315/205 lb
50-ft. handstand walk

Time cap: 9 minutes",9404802,Fitness Battalion,CrossFit Coaches Class,9:00,0,,0,0,Time,66 reps
10/23/2019,Metcon,"21-15-9
Power Cleans [135/85]
Front Rack Lunges",13599531,Fitness Battalion,CrossFit: 6:30,4:59,0,,1,0,Time,
10/20/2019,Karen Smash,150 Thrusters [75/55],8612324,Fitness Battalion,Open Gym: 10:00,11:50,1,PR by 1:43 vs. 13:33 on 03/08/2018,1,0,Time,
10/18/2019,Crossfit Games Open 20.2 (Ages 16-54),"Complete as many rounds as possible in 20 minutes of:

4 dumbbell thrusters
6 toes-to-bars
24 double-unders

50-lb/35-lb dumbbells",13559554,Fitness Battalion,CrossFit: 12:00,474 Reps,0,,1,0,AMRAP - Reps,
10/18/2019,Max Double-Unders,Max set of Unbroken Double-Unders,165,Fitness Battalion,CrossFit: 12:00,30 Reps,0,,1,0,AMRAP - Reps,
10/18/2019,2min Double-Unders,Get as many double-unders as possible in two minutes. Record your largest unbroken set in the notes,8435223,Fitness Battalion,CrossFit: 12:00,100 Reps,0,,1,0,AMRAP - Reps,
10/16/2019,Metcon,"180m Indoor Sled Push [2x45/1x45]
6 DB Burpees [50s/35s]
6 Strict CTB Pull Ups
3 DB Burpees
3 Strict CTB Pull Ups
AMRAP BS [205/125]
3 DB Burpees
3 Strict CTB Pull Ups
6 DB Burpees
6 Strict CTB Pull Ups
180m Indoor Sled Push
6 DB Burpees
6 Strict CTB Pull Ups
3 DB Burpees
3 Strict CTB Pull Ups
AMRAP BS
3 DB Burpees
3 Strict CTB Pull Ups
6 DB Burpees
6 Strict CTB Pull Ups
180m Indoor Sled Push",13488330,Fitness Battalion,CrossFit: 18:30,43:45,0,,1,0,Time,
10/15/2019,Metcon,"30 Bench Presses [135/85]
9 Power Snatches
20 Bench Presses
7 Power Snatches
10 Bench Presses
5 Power Snatches",13488307,Fitness Battalion,CrossFit Coaches Class,14:25,0,,1,0,Time,
10/12/2019,Crossfit Sprint Tri,"Crossfit Sprint Triathlon

""Fran""
21-15-9
Thrusters
Pull Ups

Then

5k Row
or
5k Run
or
10k Bike

Then

10!
Back Squats [225/135]
Deadlifts [225/135]
OR
""Karen""
150 WB Shots",11970288,Fitness Battalion,CrossFit: 09:00,0:00,0,,0,0,Time,"Fran = 7:10
18:40 10K bike"
10/11/2019,Crossfit Games Open 20.1 (Ages 16-54),"10 rounds for time of:
8 ground-to-overheads, 95 lb/65lb
10 bar-facing burpees

Time cap: 15 minutes",13492316,Fitness Battalion,CrossFit: 12:00,13:36,0,,1,0,Time,all 180 reps
10/09/2019,Death by Vested Burpee Broad Jumps,"1st minute do 1
2nd minute do 2
3rd minute do 3
...
Continue until you cannot complete the required reps within a minute

Vest is [20/10] pounds, and jump is [6/4] feet",13456837,Fitness Battalion,CrossFit: 18:30,12 + 11,0,,1,0,AMRAP - Rounds and Reps,
10/04/2019,Metcon,"15min AMRAP
1000m Bike
12 DL [155/105]
9 Hang Power Cleans
6 Push Jerks",13381687,Fitness Battalion,CrossFit: 12:00,3 + 1014,0,,1,0,AMRAP - Rounds and Reps,
10/03/2019,Metcon,"21-15-9
DB Clean and Jerks [50s/35s]
GHD Sit Ups",13381673,Fitness Battalion,CrossFit Coaches Class,6:10,0,,1,0,Time,
10/02/2019,Jackie,"For Time:  
1000m Row  
50 Thrusters, 45#  
30 Pull-ups",146,Fitness Battalion,CrossFit: 18:30,8:56,0,,1,0,Time,
10/01/2019,Metcon,"3 Rounds
20 Box Dips
60m Bear Crawl
5 Bar MU",13381648,Fitness Battalion,CrossFit Coaches Class,10:50,0,,0,0,Time,"legs, banded mu"
09/30/2019,Lumberjack Cap,"20 Deadlifts [185/115]
400m Run
20 KB swings [53/35]
400m Run
20 Overhead Squats [75/55]
400m Run
20 Burpees
400m Run
20 Pullups
400m Run
20 Box Jumps [20""]
400m Run
20 KB Squat Cleans [35s/26s]
400m Run",7775060,Fitness Battalion,CrossFit Coaches Class,23:30,0,,1,0,Time,
09/27/2019,2min Double-Unders,Get as many double-unders as possible in two minutes. Record your largest unbroken set in the notes,8435223,Fitness Battalion,CrossFit: 12:00,134 Reps,1,PR by 4 reps vs. 130 on 06/28/2019,1,0,AMRAP - Reps,
09/27/2019,Diane,"21-15-9  
Deadlifts, 225# / 155#  
Handstand Push-ups",115,Fitness Battalion,CrossFit: 12:00,17:30,0,,1,0,Time,need to work on finish position 
09/27/2019,Max Double-Unders,Max set of Unbroken Double-Unders,165,Fitness Battalion,CrossFit: 12:00,35 Reps,0,,1,0,AMRAP - Reps,
09/25/2019,Metcon,"5 Rounds of 8min
15/10cal Bike
75m Frog Jump
16 Slosh Ball Lunge [130/84]
10 SB Squats
AMRAP SB Over Shoulder",13323610,Fitness Battalion,CrossFit: 18:30,45 Reps,0,,1,0,AMRAP - Reps,
09/19/2019,Cindy,"20-Minute AMRAP of: 
5 Pull-ups  
10 Push-ups 
15 Squats",106,Fitness Battalion,CrossFit Coaches Class,18 + 1,1,PR by 8 rounds vs. 10 + 0 on 11/30/2018,1,0,AMRAP - Rounds and Reps,
09/18/2019,Metcon,"15min AMRAP
10 Atomic Sit Ups [70/53]
10 KB Floor Presses [53s/35s]
20 KB Bent Over Rows",13259327,Fitness Battalion,CrossFit: 18:30,2 + 2,0,,1,0,AMRAP - Rounds and Reps,
09/17/2019,Metcon,"4 Rounds
400m Run
20 WB Shots [20/14]
20 Box Dips
750m Arm Bike
20 Hang Power Cleans [95/65]
20 Push Press",13259265,Fitness Battalion,CrossFit Coaches Class,33:12,0,,1,0,Time,
09/13/2019,Metcon,"500m Bike
20 DL [185/115]
500m Bike
10 Front Rack Lunges
500m Bike
5 Clean and Jerks
500m Bike
10 Front Rack Lunges
500m Bike
20 DL
500m Bike",13173581,Fitness Battalion,CrossFit: 12:00,14:42,0,,1,0,Time,145#
09/12/2019,Metcon,"3 Rounds
1 Bear Complex [185/115]
15m DB Bear Crawl [50s/35s]",13173572,Fitness Battalion,CrossFit Coaches Class,5:35,0,,1,0,Time,
09/11/2019,Metcon,"9-6-3
Hang Squat Cleans [185/115]
Body Levers",13173563,Fitness Battalion,CrossFit: 18:30,8:54,0,,0,0,Time,"140#, negative only body levers"
09/10/2019,Metcon,"15min AMRAP
16 Tire Flips [345/225]
5 OHS [155/105]
10 KB WB Shots [70/53]",13173554,Fitness Battalion,CrossFit Coaches Class,4 + 4,0,,1,0,AMRAP - Rounds and Reps,
09/04/2019,Metcon,"180m Indoor Sled Push [3x45,45+25]
10 Strict HSPU
10 Bear Complexes [195/120]
180m Slosh Ball Carry [120/84]
10 Bear Complexes
10 Strict HSPU
180m Indoor Sled Push",13060651,Fitness Battalion,CrossFit: 18:30,45:00,0,,0,0,Time,"ladder 0+15n, ab mat + 10s, 105#: minus 150m"
09/03/2019,Randy Smash,40 Hang Squat Snatches [135/95],7815050,Fitness Battalion,CrossFit Coaches Class,9:00,0,,1,0,Time,
09/03/2019,Randy,"For Time:  
75 Power Snatches, 75#",193,Fitness Battalion,CrossFit Coaches Class,3:46,0,,1,0,Time,
09/02/2019,Metcon,"15min AMRAP
25 WB Shots [20/14]
1 Lap Around the Rig MB OH Walking Lunges",13060617,Fitness Battalion,CrossFit Coaches Class,6 + 2,0,,1,0,AMRAP - Rounds and Reps,
08/28/2019,Metcon,"15min AMRAP
10 DB Push Presses [50s/35s]
5 Power Cleans [225/135]",13026340,Fitness Battalion,CrossFit: 18:30,5 + 10,0,,1,0,AMRAP - Rounds and Reps,150#
08/27/2019,Metcon,"4 Rounds
5 Shoulder Presses [95/65]
10 Push Presses
15 Jerks
(Each time you break within a round, complete a 30m bear crawl before continuing)",13026312,Fitness Battalion,CrossFit Coaches Class,13:42,0,,1,0,Time,Did a harder version on accident with no breaks between rounds because I can't read directions and I regret everything
08/26/2019,Fran Smash,"15-12-9
Thrusters [135/95]
Bar Muscle Ups",8755287,Fitness Battalion,CrossFit: 6:30,10:10,0,,0,0,Time,assisted ring muscle ups
08/21/2019,Amanda,"3 Rounds for time of 9-7-5 reps of:  

Ring Muscle-ups  
Snatch, 135#/95#",89,Fitness Battalion,CrossFit: 17:30,11:06,0,,0,0,Time,pulley mu
08/20/2019,Metcon,"15min AMRAP
16 Tire Flips [345/225]
7 Thrusters [135/85]
15 MB GHD Sit Ups [20/14]",12962921,Fitness Battalion,CrossFit Coaches Class,4 + 3,0,,1,0,AMRAP - Rounds and Reps,
08/19/2019,Metcon,"5 Rounds of 10min
1min Max Cal Bike
n Front Rack Lunges [135/85]
(guys n=50-cals; girls n=50-(cals/.7))",12962905,Fitness Battalion,CrossFit: 6:30,107 Calories,0,,1,0,Calories,
08/13/2019,Grace,"For Time:  
30 Clean and Jerks, 135# / 95#",128,Fitness Battalion,CrossFit: 12:00,2:12,1,PR by 0:23 vs. 2:35 on 06/10/2018,1,0,Time,
08/12/2019,Metcon,"4 Rounds
400m Run
3 Legless Rope Climbs
7 Squat Snatches [185/130]
(20min Cut Off)",12898819,Fitness Battalion,Open Gym: 15:00,20:00,0,,0,0,Time,"115#, legs on climb: 3 + 1"
08/12/2019,Metcon,"4 Rounds
400m Run
3 Legless Rope Climbs
7 Squat Snatches [185/130]
(20min Cut Off)",12898819,Fitness Battalion,CrossFit Coaches Class,20:00,0,,0,0,Time,"115#, legs: 3+1"
08/07/2019,Metcon,"15min AMRAP
20cal Bike
3 Clean and Jerks [185/115]",12705790,Fitness Battalion,CrossFit: 17:30,5 + 16,0,,1,0,AMRAP - Rounds and Reps,135#
08/06/2019,Kyle,"1min Sumo Squat Hold
100m Sprint
50 Box Jumps [20""""]
90m Frog Jumps
50 Burpee Tuck Jumps
90m Walking Lunges
50 Toes to Bar
100m Sprint
50 Squat Jumps
90m Frog Jumps
50 Strict Pull Ups
90m Walking Lunges
50 Pistols
1min Sumo Squat Hold",8049789,Fitness Battalion,CrossFit: 12:00,41:39,0,,0,0,Time,kipping pull ups
08/01/2019,Metcon,"5 Rounds of 8min
500m Legless Bike
25 Goblet GHD Sit Ups [50/25]
10 DB Shoulder Presses [50s/25s]
20 KB Swings [70/53]
AMRAP RIng Push Ups",12705561,Fitness Battalion,CrossFit: 17:30,70 Reps,0,,1,0,AMRAP - Reps,
07/31/2019,Fran,"21-15-9  
Thrusters, 95# / 65#  
Pull-ups",123,Fitness Battalion,CrossFit Coaches Class,6:31,1,PR by 0:37 vs. 7:08 on 02/11/2019,1,0,Time,
07/30/2019,Metcon,"15min AMRAP
6 Front Rack Lunges [135/95]
3 Barbell Burpees",12705524,Fitness Battalion,CrossFit Coaches Class,12 + 0,0,,1,0,AMRAP - Rounds and Reps,
07/29/2019,Fight Gone Worse,"3 Rounds
1min Thrusters [95/65]
1min Power Cleans [95/65]
1min Back Squat Jumps [95/65]
1min Pull Ups
1min Backwards Bear Crawls [Meters]
1min Rest",8838057,Fitness Battalion,CrossFit: 12:00,243 Total Reps,0,,1,0,Each Round For Reps,
07/26/2019,Metcon,"5 Rounds
20m Back Rack Carry [315/190]
90m Slosh Ball Carry [130/82]
15 Slosh Ball Over Shoulders",12641833,Fitness Battalion,CrossFit: 12:00,44:58,0,,1,0,Time,200#
07/24/2019,Metcon,"5 Rounds
1min Belt Walks [100/70]
10 Back Rack Walking Lunges [185/115]
30sec Ring Stand",12641798,Fitness Battalion,CrossFit: 12:00,13:56,0,,1,0,Time,
07/22/2019,Metcon,"15min AMRAP
5 Hang Power Cleans [135/95]
5 Thrusters
5 Strict Pull Ups",12641775,Fitness Battalion,CrossFit: 12:00,4 + 3,0,,0,0,AMRAP - Rounds and Reps,"about half strict, half kip up control down"
07/18/2019,Metcon,"2000m Row
50 Push Ups
2000m Bike
100 WB Shots [20/14]
2000m Bike
50 Push Ups
2000m Row",12641333,Fitness Battalion,CrossFit: 18:30,38:50,0,,1,0,Time,
07/17/2019,Metcon,"15min AMRAP
5 Clean and Jerks [135/95]
10 MB TTB [10/8]
1 Strict Muscle Up",12641315,Fitness Battalion,CrossFit: 12:00,4 + 1,0,,0,0,AMRAP - Rounds and Reps,green 24-4 mar mu
07/15/2019,Metcon,"15-12-9
DB Burpees [15s/8s]
Strict Pull Ups",12641264,Fitness Battalion,CrossFit: 17:30,10:50,0,,0,0,Time,kipping with a controlled decent
07/10/2019,Metcon,"21-15-9
Deadlifts [225/135]
Burpees",12561334,Fitness Battalion,CrossFit: 17:30,7:05,0,,1,0,Time,
07/09/2019,Metcon,"3 Rounds
0:00-1:00 Max Cal Bike
1:00-5:00 Rest
5:00-15:00
15-12-9
KB Swings [70/53]
Atomic Sit Ups",12561315,Fitness Battalion,CrossFit: 17:30,74 Calories,0,,1,0,Calories,
07/04/2019,Murph,"For Time:  
1-Mile Run  
100 Pull-ups  
200 Push-ups  
300 Air Squats  
1-Mile Run   
If you have a 20# vest or body armor, wear it.",182,Fitness Battalion,CrossFit: 10:00,46:23,0,,1,0,Time,
07/03/2019,Metcon,"15min AMRAP
10 KB Swings [70/53]
10 KB Front Rack Lunges (Right Arm)
10 KB Swings
10 KB Front Rack Lunges (Left Arm)
20 Burpee Tuck Jumps",12493768,Fitness Battalion,CrossFit: 17:30,2 + 18,0,,0,0,AMRAP - Rounds and Reps,44# lunges
07/01/2019,Fight Gone Bad,"Three rounds of:   
Wall-ball Shots (Reps), 20#
Sumo deadlift high-pull (Reps),  75# 
Box Jumps, 20""  (Reps)
Push-press (Reps), 75#
Row (Calories)  
1-minute rest",34267,Fitness Battalion,CrossFit: 17:30,319 Total Reps,1,PR by 76 reps vs. 243 on 12/31/2017,1,0,Each Round For Reps,
06/29/2019,Metcon,"Class Split Into Two Teams

45min Game Time

For time complete:
100 KB Swings [70/53][53/35][RKB]
120m Bear Crawl

The team that finishes first then rows for distance while the other team completes 200 burpees. When their burpees are finished, repeat the process with WB shots in place of KB Swings. Third round: V-Ups. Fourth: KB Swings. Fifth: WB shots . . .",12438966,Fitness Battalion,CrossFit: 09:00,1500 meters,0,,1,0,Distance,
06/28/2019,2min Double-Unders,Get as many double-unders as possible in two minutes. Record your largest unbroken set in the notes,8435223,Fitness Battalion,CrossFit: 17:30,130 Reps,1,PR by 8 reps vs. 122 on 05/14/2019,1,0,AMRAP - Reps,
06/28/2019,TBOOYM-Hulk,"For time
400m Run
Bottom to Bottom Tabata Back Squats [115/75]
400m Run
Top to Top Tabata Push Press [65/45]
400m Run
(Subtract 1sec from your time for each rep)",12438957,Fitness Battalion,CrossFit: 17:30,12:27,0,,1,0,Time,"55 bs, 65 pp"
06/28/2019,Max Double-Unders,Max set of Unbroken Double-Unders,165,Fitness Battalion,CrossFit: 17:30,30 Reps,0,,1,0,AMRAP - Reps,
06/26/2019,G.I. Jane,"GI Jane
100 Burpee Pull Ups
(Bar is [12/10] inches above standing reach)",8497298,Fitness Battalion,CrossFit: 17:30,14:47,0,,1,0,Time,bra 10
06/25/2019,Metcon,"15min AMRAP
250m Banded Row [Green/Purple]
6 Overhead Lunges [135/95]",12438910,Fitness Battalion,CrossFit: 17:30,6 + 0,0,,0,0,AMRAP - Rounds and Reps,
06/24/2019,Isabel Smash,"15min EMOM
2 Snatches [85%]",12438720,Fitness Battalion,CrossFit: 17:30,105 lbs,0,,1,0,Weight,
06/22/2019,Metcon,"9 Rounds of 5 Minutes
Run a 5 Point Suicide
Deadlift Top Hold (Hold Time = Suicide Time) [225/155][155/105][95/65]
Max Calorie Row",12376025,Fitness Battalion,CrossFit: 09:00,180 Calories,0,,1,0,Calories,
06/20/2019,Metcon,"15min AMRAP
5 Hang Power Cleans [135/95]
6 Front Rack Lunges",12376000,Fitness Battalion,CrossFit: 18:30,13 + 1,0,,0,0,AMRAP - Rounds and Reps,5 BS + 6 Lunge - shoulder injury
06/19/2019,Metcon,"3 Rounds
400m Run
10 Thrusters [95/65]",12375982,Fitness Battalion,CrossFit: 17:30,8:10,0,,1,0,Time,vested 20#
06/17/2019,Metcon,"21-15-9
Goblet Squats [70/53]
RKB Swings
Burpees",12375955,Fitness Battalion,CrossFit: 17:30,8:20,0,,0,0,Time,"vest, sprawls, 35#"
06/13/2019,Kendrick,"800m Run
15 CTB Pull Ups
15 Cleans [95/65]
800m Run
15 WB Shots [20/14]
15 CTB Pull UPs
800m Run",12344700,Fitness Battalion,CrossFit: 17:30,18:30,0,,0,0,Time,
06/12/2019,Metcon,"5 Rounds 9min Each
25 Triple Unders
50 Hammer Strikes
10 Strict HSPU
50 RKB Swings [100/70]
AMRAP DB Burpees [15s/10s]",12253889,Fitness Battalion,CrossFit Coaches Class,30 Reps,0,,0,0,AMRAP - Reps,"doubles, kipping to an abmat"
06/11/2019,Metcon,"15-12-9
KB WB Shots [70/53]
DB Burpees [15s/10s]",12253883,Fitness Battalion,CrossFit: 17:30,6:10,0,,1,0,Time,
06/10/2019,Metcon,"3 Rounds
250m Sled Push [4x45/2x45]
7 Deadlifts [315/195]",12253873,Fitness Battalion,CrossFit: 17:30,20:00,0,,0,0,Time,2x45: 2 rounds
06/07/2019,Lumberjack 20,"20 Deadlifts, 275# 
Run 400m   
20 Kettlebell swings, 70#  
Run 400m   
20 Overhead Squats, 115#  
 Run 400m   
20 Burpees   
Run 400m   
20 Chest-To-Bar Pull-ups 
Run 400m   
20 Box Jumps, 24""   
Run 400m  
20 Dumbbell Squat Cleans, 45#  
Run 400m",163,Fitness Battalion,CrossFit: 17:30,28:06,0,,1,0,Time,
06/06/2019,Metcon,"15min AMRAP
15 RDLs [95/65]
10 Hang Power Cleans
5 Hang Power Snatches
(Every time you break complete 1 Rope Climb before continuing)",12253702,Fitness Battalion,CrossFit: 12:00,3 + 15,0,,0,0,AMRAP - Rounds and Reps,85#
06/05/2019,Metcon,"5 Rounds
AMRAP Strict Pull Ups
10 GHRs
30m Slosh Ball Carry [130/84]",12253683,Fitness Battalion,CrossFit: 17:30,14:50,0,,0,0,Time,kip up control down: 5x3
06/04/2019,Metcon,"15min AMRAP
250m Run
10 Hang Power Snatches [75/55]
5 Thrusters",12253625,Fitness Battalion,CrossFit: 12:00,6 + 100,0,,1,0,AMRAP - Rounds and Reps,
06/03/2019,Metcon,"8-6-4
Power Clean [225/135]
Front Rack Lunges",12253618,Fitness Battalion,CrossFit: 17:30,10:00,0,,1,0,Time,145#
05/17/2019,Filthy Fifty,"For Time:  
50 Box jumps, 24""   
50 Jumping pull-ups  
50 Kettlebell swings, 1 pood  
50 steps Walking Lunge  
50 Knees to elbows  
50 Push press, 45#   
50 Back extensions   
50 Wall ball shots, 20#  
50 Burpees 
50 Double unders",121,Fitness Battalion,CrossFit: 17:30,26:05,0,,1,0,Time,
05/16/2019,Metcon,"15min AMRAP
20 Deadlifts [95/65]
15 Hang Power Snatches
10 Push Presses
5 Overhead Squats",12080302,Fitness Battalion,CrossFit: 17:30,2 + 10,0,,1,0,AMRAP - Rounds and Reps,
05/15/2019,Metcon,"15min AMRAP
10 Deficit Push Ups [4""]
5 Pull Ups
1 Bar Muscle Up",12080253,Fitness Battalion,CrossFit: 17:30,9 + 0,0,,0,0,AMRAP - Rounds and Reps,green 24-4 bmu
05/14/2019,Metcon,"12-9-6
Hang Power Cleans [135/80]
Shoulder Presses",12080125,Fitness Battalion,CrossFit: 17:30,3:54,0,,0,0,Time,
05/14/2019,Max Double-Unders,Max set of Unbroken Double-Unders,165,Fitness Battalion,CrossFit: 17:30,32 Reps,0,,1,0,AMRAP - Reps,
05/14/2019,2min Double-Unders,Get as many double-unders as possible in two minutes. Record your largest unbroken set in the notes,8435223,Fitness Battalion,CrossFit: 17:30,122 Reps,1,PR by 22 reps vs. 100 on 04/08/2019,1,0,AMRAP - Reps,
05/13/2019,Metcon,"12-9-6
Burpees
Box Jumps [24""/20""]
(Wear a vest [40/20])",12080082,Fitness Battalion,CrossFit: 17:30,4:16,0,,1,0,Time,
05/10/2019,Metcon,"5 Rounds
10 Floor Presses [135/95]
10 Power Cleans
5 Clusters",12064326,Fitness Battalion,CrossFit: 12:00,17:29,0,,0,0,Time,75# floor presses
05/08/2019,Metcon,"9-6-3
Pullovers
Back Squats [275/165]",12064285,Fitness Battalion,CrossFit: 17:30,9:03,0,,0,0,Time,"21-15-9 ttb, 155#"
05/07/2019,Metcon,"3 Rounds
2000m Bike
10 Power Snatches [135/95]
1000m Bike
30 KB Sit Ups [53s/35s]
1000m Bike
20 Good Mornings [135/95]",12064272,Fitness Battalion,CrossFit: 17:30,37:04,0,,0,0,Time,ghd back extensions
05/06/2019,Helen,"3 Rounds for time of:  
400m Run  
21 Kettlebell Swings, 53# / 35#  
12 Pull-ups",134,Fitness Battalion,CrossFit: 17:30,9:47,0,,1,0,Time,
05/03/2019,Metcon,"3 Rounds
30 OH Band Presses [Purple/Black]
60m OH Band Walk
1000m Row
50 Goblet Squats [53/35]
50 Goblet Lunges
400m Run",12023548,Fitness Battalion,CrossFit: 12:00,42:42,0,,1,0,Time,
05/02/2019,Metcon,"15min AMRAP
10 Shoulder Presses [95/65]
10 Barbell Burpees
1 Legless Rope Climb",12023522,Fitness Battalion,CrossFit: 12:00,5 + 0,0,,0,0,AMRAP - Rounds and Reps,rope pull-ups (6:1)
05/01/2019,Karen,"For Time:  
150 Wall-Ball Shots, 20# / 14#",155,Fitness Battalion,CrossFit: 17:30,6:48,1,PR by 0:24 vs. 7:12 on 12/08/2018,1,0,Time,
04/30/2019,Metcon,"15min AMRAP
10 Strict Pull Ups
15cal Bike",12023469,Fitness Battalion,CrossFit: 17:30,5 + 10,0,,0,0,AMRAP - Rounds and Reps,
04/26/2019,Metcon,"9-7-5
Slosh Ball Over Shoulders [130/84]
KB Swings [100/70]",11970273,Fitness Battalion,CrossFit: 6:30,3:35,0,,1,0,Time,
04/24/2019,Metcon,"5 Rounds
400m Run
10 Deadlifts [185/115]",11970240,Fitness Battalion,CrossFit: 17:30,13:40,0,,1,0,Time,30# sandbag for first 2 rounds
04/22/2019,Elizabeth Smash,"9-7-5
Squat Cleans [225/135]
Ring HSPU",8051031,Fitness Battalion,CrossFit: 17:30,10:20,0,,0,0,Time,21-15-9 harness ring dips
04/20/2019,Metcon,"Teams of Two
20-19-18-...-3-2-1
Deadlift [225/135][145/95][KB]
Front Squat [135/95][95/65][Goblet]
Pull Ups
(One bar or bell per team. One person working at a time. Team mate must finish their working set (ex 20 deadlifts) before switching)",11921996,Fitness Battalion,CrossFit: 09:00,0:00,0,,1,0,Time,round 6
04/19/2019,Metcon,"10 KB Snatches [53/35]
30m Waiters Walk (R)
20 Goblet Squats
30m Waiters Walk (L)
30 Burpees
30m Waiters Walk (R)
40 KB Swings
30m Waiters Walk (L)
50 KB Deadlifts
100 Double Unders",11921985,Fitness Battalion,CrossFit: 17:30,12:30,0,,1,0,Time,db
04/17/2019,Nasty Girls,"3 Rounds for time of: 
50 Air Squats  
7 Muscle-ups  
10 Hang Power Cleans, 135# / 95#",184,Fitness Battalion,CrossFit: 12:00,9:38,0,,0,0,Time,bar green 23-6
04/15/2019,Metcon,"15min AMRAP
20 Slosh Ball Walking Lunges
30 Slosh Ball Squats
10 Strict Pull Ups",11921907,Fitness Battalion,CrossFit: 17:30,3 + 9,0,,0,0,AMRAP - Rounds and Reps,"48#, kipping"
04/12/2019,Metcon,"4 Rounds
30 Tire Flips [345/225]
Rest
(Rest for the same amount of time it takes you to complete your flips)",11870429,Fitness Battalion,CrossFit: 12:00,38:37,0,,1,0,Time,345#
04/10/2019,Metcon,"15min AMRAP
5 Thrusters [135/95]
5 Deficit HSPU [4""]
5 KB Swings [100/70]",11870367,Fitness Battalion,CrossFit: 17:30,6 + 1,0,,0,0,AMRAP - Rounds and Reps,hspu to 10#+blue mat
04/08/2019,Metcon,"4 Rounds
25 Back Squat Jumps [135/95]
15 Back Rack Box Step Over [24/""20""]",11870312,Fitness Battalion,CrossFit: 17:30,20:30,0,,0,0,Time,"85#, then 65#"
04/08/2019,Max Double-Unders,Max set of Unbroken Double-Unders,165,Fitness Battalion,CrossFit: 17:30,35 Reps,1,PR by 34 reps vs. 1 on 09/18/2017,1,0,AMRAP - Reps,
04/08/2019,2min Double-Unders,Get as many double-unders as possible in two minutes. Record your largest unbroken set in the notes,8435223,Fitness Battalion,CrossFit: 17:30,100 Reps,1,PR by 5 reps vs. 95 on 02/11/2019,1,0,AMRAP - Reps,
04/06/2019,It's Over 9000!,"Collect 10,000 Points:
Run 1 meter = 1 point
Row 1 meter = 1 point
Bike 2 meters = 1 point
Walking Lunge 1 meter = 5 points
Frog Jump 1 meter = 5 points
Farmer's Carry 1 meter [2x70/2x53][2x53/2x35] = [6][4] points
Sled Push/Pull 1 meter [3x45/2x45][2x45/45][45/0] = [7][5][3] points
Back Squat [225/155][155/105][Goblet] = [20][15][10] points
Tire Flip = 25 points",11795954,Fitness Battalion,CrossFit: 09:00,47:40,0,,1,0,Time,
04/05/2019,Captain Diane,"30 Deadlifts [115/75]
21 Shoulder to Overhead
25 Deadlifts
15 Shoulder to Overhead
20 Deadlifts
9 Shoulder to Overhead",8008092,Fitness Battalion,CrossFit: 12:00,5:00,0,,1,0,Time,
04/03/2019,Metcon,"15min AMRAP
5 Strict Pull Ups
10 RKB Swings [100/70]
5 DB Burpees [20s/10s]",11795874,Fitness Battalion,CrossFit: 17:30,7 + 0,0,,1,0,AMRAP - Rounds and Reps,
04/01/2019,Metcon,"3 Rounds
400m Run
10 Power Snatches [135/95]
10 Strict Toes to Bar
(Wear a vest [20/10])",11795789,Fitness Battalion,CrossFit: 17:30,13:08,0,,1,0,Time,
03/30/2019,Metcon,"19 WBs [20/14][14/10]
19 Cal Row
25 TTB
50 DU
15 Cleans [135/85][95/55]
19 WBs
19 Cals
25 TTB
50 DU
13 Cleans [185/115][115/75]
19 WBs
19 Cals
25 TTB
50 DU
11 Cleans [225/145][135/95]
19 WBs
19 Cals
15m OH DB Walking Lunge [50/35][Front Rack]
20 DB Step Ups [24""]
15 HSPU
15m Bear Crawl
19 WBs
19 Cals
10 Snatches [95/65][65/45]
12 Bar Facing Burpees
10 Bar Muscle Ups
12 Bar Facing Burpees
27 Thrusters [95/65][65/45]
27 CTB Pull Ups",11818588,Fitness Battalion,CrossFit: 09:00,45:00,0,,0,0,Time,
03/29/2019,Metcon,"15min AMRAP
500m Bike
10 MB TTB [10/6]
20 GHD Sit Ups",11774596,Fitness Battalion,CrossFit: 17:30,4 + 0,0,,1,0,AMRAP - Rounds and Reps,
03/27/2019,Metcon,"15min AMRAP
3 Squat Snatch [185/115]
15m Handstand Walk",11774558,Fitness Battalion,CrossFit: 17:30,7 + 0,0,,0,0,AMRAP - Rounds and Reps,"105#, bear crawl 30m"
03/25/2019,DT,"5 Rounds for time:  
12 Deadlifts, 155# / 105# 
9 Hang Power Cleans, 155# / 105#
6 Push Jerks, 155# / 105#",116,Fitness Battalion,CrossFit: 17:30,9:35,0,,1,0,Time,
03/20/2019,Metcon,"6 Rounds
100m Farmer's Carry [35s/26s]
30 KB Front Rack Squats
10 KB Front Rack Lunges",11723602,Fitness Battalion,CrossFit: 17:30,23:50,0,,1,0,Time,26s
03/19/2019,Metcon,"5 Rounds
500m Bike
3 Power Cleans [225/135]",11723594,Fitness Battalion,CrossFit: 12:00,6:30,0,,1,0,Time,
03/18/2019,Mary,"20-Minute AMRAP of:  
5 Handstand Push-ups  
10 Pistols (5-L / 5-R)  
15 Pull-ups",173,Fitness Battalion,CrossFit: 17:30,5 + 16,0,,0,0,AMRAP - Rounds and Reps,ab mat hspu
03/16/2019,5k Row,Max Effort 5k Row,83,Fitness Battalion,CrossFit: 09:00,21:40,0,,1,0,Time,
03/16/2019,FB Triathlon,"FB Triathlon
10min AMRAP
Back Squats [BW][75%BW][Box]
Then
5000m Row
Then
Monster Mile Run
(Each back squat completed earns a 6 second reduction of your total time)",8415434,Fitness Battalion,CrossFit: 09:00,36:28,0,,0,0,Time,"105#, 4k bike for run, did 60 squats"
03/15/2019,CrossFit Games Open 19.4 (Ages 16-54),"3 rounds of:
 10 snatches 95lb/65lb
 12 bar-facing burpees

Then, rest 3 minutes before continuing with:

3 rounds of:
 10 bar muscle-ups
 12 bar-facing burpees

Time cap: 12 minutes, including 3-minute rest
period",11732227,Fitness Battalion,CrossFit: 17:30,66 Reps,0,,1,0,AMRAP - Reps,"4:19, finished out with pull ups 12:00"
03/13/2019,Metcon,"15-12-9
Cal Bike
Clusters [155/105]",11667833,Fitness Battalion,CrossFit: 17:30,11:21,0,,1,0,Time,
03/11/2019,The Seven,"7 Rounds of:  
7 Handstand Push-ups  
7 Thrusters, 135#  
7 Knees-To-Elbows  
7 Deadlifts, 245#  
7 Burpees  
7 Kettlebell Swings, 70#  
7 Pull-ups",211,Fitness Battalion,CrossFit: 17:30,36:15,0,,0,0,Time,"65#, 15#+pad hspu, k2c"
03/09/2019,Metcon,"Teams of Two

Complete for Time:
""Jackie""
1000m Row
50 Thrusters [45/35]
30 Pull Ups
""Annie""
50-40-30-20-10
Double Unders
Sit Ups
""Grace""
30 Clean and Jerks [135/95]
""Karen""
150 WB Shots [20/14]
""Randy""
75 Power Snatches [75/55]
(One bar per team, one person working at a time)",11624711,Fitness Battalion,CrossFit: 09:00,33:00,0,,0,0,Time,60 snatch
03/08/2019,Crossfit Games Open 19.3 (Ages 16-54),"200-ft. dumbbell overhead lunge 50lb/35lb
50 dumbbell box step-ups 24in/20in
50 strict handstand push-ups
200-ft. handstand walk

Time cap: 10 minutes",11689654,Fitness Battalion,CrossFit: 12:00,125 Reps,0,,0,0,AMRAP - Reps,"banded hspu purple-purple-bar14, 90@7:00"
03/06/2019,Metcon,"10 Rounds
50 DU
10 PP [95/65]
10 Pull Ups
10 Burpees
10 OHS",11624651,Fitness Battalion,CrossFit: 17:30,40:30,0,,0,0,Time,"500m bike, ohs to bench"
03/04/2019,Amanda,"3 Rounds for time of 9-7-5 reps of:  

Ring Muscle-ups  
Snatch, 135#/95#",89,Fitness Battalion,CrossFit: 17:30,6:55,0,,0,0,Time,"power, banded bar green 24-8"
03/01/2019,Crossfit Games Open 19.2 (Ages 16-54),"8 Minute AMRAP + Bonus Time of:

25 Toes To Bar
50 Double Unders
Squat Cleans*

*Round 1 - 15 @ 135# / 85#
*Round 2 - 13 @ 185# / 115#
*Round 3 - 11 @ 225# / 145#
*Round 4 - 9 @ 275# / 175#
*Round 5 - 7 @ 315# / 205#

Time extends by 4-minutes time after completing rounds 2, 3 and 4. If you complete Round 5, your score is the time you finish.",11645946,Fitness Battalion,CrossFit: 12:00,260 Reps,0,,0,0,AMRAP - Reps,"15cal bike for du, power cleans"
02/27/2019,Metcon,"5 Rounds
400m Run
15 Front Squats [95/65]",11604168,Fitness Battalion,CrossFit: 17:30,13:04,0,,0,0,Time,"1000m bike, bench fs"
02/25/2019,Metcon,"21-15-9
Deficit Push Ups [4""]
Goblet Squats [70/53]",11604150,Fitness Battalion,CrossFit: 17:30,5:08,0,,1,0,Time,
02/18/2019,Metcon,"21-15-9
Burpee Tuck Jumps
Sandbag Squat Jumps [Green/Black]",11533844,Fitness Battalion,CrossFit: 17:30,5:08,0,,1,0,Time,
02/15/2019,Metcon,"15min AMRAP
5 Hang Squat Cleans [135/95]
5 Strict CTB Pull Ups",11495778,Fitness Battalion,CrossFit: 12:00,8 + 3,0,,0,0,AMRAP - Rounds and Reps,kipping chin over
02/13/2019,Metcon,"15min AMRAP
5 Band Resisted Push Ups [Green, Purple] or Handstand Push Ups
5 KB Swings [100/70]
5 Goblet Squats",11495699,Fitness Battalion,CrossFit: 17:30,8 + 0,0,,1,0,AMRAP - Rounds and Reps,banded push ups
02/11/2019,Fran,"21-15-9  
Thrusters, 95# / 65#  
Pull-ups",123,Fitness Battalion,CrossFit: 17:30,7:08,0,,1,0,Time,
02/11/2019,2min Double-Unders,Get as many double-unders as possible in two minutes. Record your largest unbroken set in the notes,8435223,Fitness Battalion,CrossFit: 17:30,95 Reps,1,PR by 55 reps vs. 40 on 10/23/2017,1,0,AMRAP - Reps,30 unbroken
02/08/2019,Metcon,"15-12-9
Cal Bike
Clusters [135/95]",11460610,Fitness Battalion,CrossFit: 12:00,10:30,0,,1,0,Time,
02/06/2019,Eva,"5 rounds for time:  
Run 800 meters  
30 Kettlebell swing, 70# / 53# 
30 Pull-ups",119,Fitness Battalion,CrossFit: 17:30,53:20,0,,1,0,Time,
02/04/2019,Metcon,"15min AMRAP
20m Overhead Band Walk [Purple/Black]
10 Pull Ups",11460528,Fitness Battalion,CrossFit: 17:30,6 + 0,0,,1,0,AMRAP - Rounds and Reps,
02/01/2019,Metcon,"5 Rounds
20 Slosh Ball Shoulders [130/80]
20 Quake Bar Overhead Lunges [45+26s, 35+10s]",11430633,Fitness Battalion,CrossFit: 12:00,17:50,0,,0,0,Time,48# slosh
01/30/2019,Metcon,"15min AMRAP
5 Clusters [135/95]
10 Deadlifts
5 Barbell Burpees",11430543,Fitness Battalion,CrossFit: 17:30,5 + 1,0,,1,0,AMRAP - Rounds and Reps,
01/29/2019,Metcon,"60 Tire Flips
20 Front Rack Lunges [185/125]
10m Mat Drag [4x8, 4x6]
18 Front Rack Lunges [185/125]
10m Mat Drag [4x8, 4x6]
16 Front Rack Lunges [185/125]
10m Mat Drag [4x8, 4x6]
...
4 Front Rack Lunges [185/125]
10m Mat Drag [4x8, 4x6]
2 Front Rack Lunges [185/125]
10m Mat Drag [4x8, 4x6]",11430478,Fitness Battalion,CrossFit: 17:30,24:47,0,,0,0,Time,"105#, 225# tire"
01/28/2019,Baseline,"500m Row
40 Squats
30 Sit Ups
20 Push Ups
10 Pull Ups",8542589,Fitness Battalion,CrossFit: 17:30,5:00,0,,1,0,Time,
01/25/2019,Metcon,"45min As Many Animals As Possible
Frog Jump
Crab Walk
Duck Walk
Bear Crawl
Inch Worm (No Push Up)
Alligator Walk
Seal Walk
Backwards Frog Jump
Backwards Crab Walk
Backwards Duck Walk
Backwards Bear Crawl
Backwards Inch Worm (No Push Up)
Backwards Alligator Walk
(45m per animal)",11414131,Fitness Battalion,CrossFit: 12:00,585 meters,0,,1,0,Distance,
01/23/2019,Fight Gone Worse,"3 Rounds
1min Thrusters [95/65]
1min Power Cleans [95/65]
1min Back Squat Jumps [95/65]
1min Pull Ups
1min Backwards Bear Crawls [Meters]
1min Rest",8838057,Fitness Battalion,CrossFit: 17:30,278 Total Reps,0,,1,0,Each Round For Reps,
01/21/2019,Isabel,"For Time:  30 Snatches, 135# / 95#",142,Fitness Battalion,CrossFit: 17:30,4:30,0,,1,0,Time,
01/18/2019,CrossFit Games Open 18.zero,"21-15-9
Dumbbell Snatches 50/35
Burpees Jumping Over the Dumbbells",9207332,Fitness Battalion,CrossFit: 12:00,4:51,0,,1,0,Time,
01/16/2019,Metcon,"-1000m Row
-50 KB Swings(53,35)
-40 Goblet Squats
-30 V-Ups
-20 Thrusters (115,75)
-10 Pistols (each leg)
-20 Thrusters
-30 K2W
-40 Goblet Squats
-50 KB Swings
?-1000m Row",11337814,Fitness Battalion,CrossFit: 17:30,31:33,0,,1,0,Time,
01/14/2019,Metcon,"150/120 Cal Row
- Every 3 mins -
5 Pull Ups
10 Push Ups
15 Air Squats

* continue until the amount of calories is complete *",11338207,Fitness Battalion,CrossFit: 17:30,0 + 0,0,,1,0,AMRAP - Rounds and Reps,14:10
01/14/2019,800m Run,Max Effort 800m Run,85,Fitness Battalion,CrossFit: 17:30,3:09,1,PR by 1:43 vs. 4:52 on 09/25/2018,1,0,Time,
01/12/2019,Metcon,"800m Run
6 Rounds:
-5 OTB Burpees
-10 Shoulder to Overhead (95/65)
-400m Run
-4 Rounds:
-5 OTB Burpees
-10 S2O (same weight)
200m Run
-2 Rounds:
-5 OTB Burpees
-10 S2O",11303341,Fitness Battalion,CrossFit: 11:00,22:50,0,,1,0,Time,
01/11/2019,Metcon,"3 Rounds:
-10  Pull-ups
-10 Squat Snatch (95/65)
-10 GHD Situps
?-400m Run",11303327,Fitness Battalion,CrossFit: 17:30,14:58,0,,1,0,Time,
01/09/2019,Metcon,"21-15-9:
DB/KB Hang Squat Clean (53/35#)
Row Calories
DB/KB Push Press (53/35#)
400m Run (after each round)",11278025,Fitness Battalion,CrossFit: 17:30,18:51,0,,1,0,Time,
01/09/2019,1-Mile Run,Max Effort 1-Mile Run,78,Fitness Battalion,CrossFit: 17:30,7:39,0,,1,0,Time,monster
01/08/2019,Metcon,"3 Rounds For Time:
30 GHD Sit Up
30 Dumbbell Snatch 50/35
30 Toes to Bar
30 Dumbbell Snatch 50/35
",11291043,Fitness Battalion,CrossFit: 17:30,18:18,0,,0,0,Time,"GHD, 35 drop to 20#"
01/07/2019,Metcon,"For RX+ & RX:
For time:
3,000m Row
300 DUs
33 Weighted Lunges (53/35#) (total steps)",11278105,Fitness Battalion,CrossFit: 17:30,19:39,0,,1,0,Time,
01/05/2019,Metcon,"Partner WOD (teams of 2)
4 Rnds for Time of:
- 8 man makers (50/35#) partner holds plank while on is working
- 20 DLs (275/205#) partner does a wall sit while other partner is working
-24 one-arm DB Thrusters (53/35#) partner does sissor kicks while partner is working
- Cash Out 500 Double Unders (or 1000 singles) partner is rowing while other is working
*partners may switch out anytime
",11266413,Fitness Battalion,CrossFit: 09:00,32:59,0,,0,0,Time,
01/04/2019,Metcon,"Fatal 40:
40 WBs (20/14#)
40 Hang Cleans (95/65#)
40 PUs
40 DLs (95/65#)
40 Push Ups
40  BJs (24/20)
40 KB (53/35#)
40 T2B
40 Air Squats
40 Hang Snatches (95/65)
40 DUs
40 GHDs
40 Burpees",11248771,Fitness Battalion,CrossFit: 17:30,32:10,0,,0,0,Time,"ring rows, 24"" step ups, k2w"
12/21/2018,Metcon,"20min AMRAP:
20 Kettlebell Swings (70/53#)
40 Flutter Kicks",11171313,Fitness Battalion,CrossFit: 17:30,9 + 10,0,,1,0,AMRAP - Rounds and Reps,plus 10 push ups per round
12/20/2018,Metcon,"Every 5 minutes, for 15 minutes (3 sets) for times:
500 Meter Row
10 Renegade Rows  KB (53/35 lbs)
20 V-Ups",11171256,Fitness Battalion,CrossFit: 17:30,10:20,0,,0,0,Time,
12/19/2018,Metcon,"Every 8 minutes, for 32 minutes (4 sets):
20/15 Calories of  Rowing
20 Dumbbell Squats (53/35#)
20 Walking Lunges with KB Farmer’s Carry (53/35#)
400 Meter Run…",11171378,Fitness Battalion,CrossFit: 17:30,5:25,0,,1,0,Time,
12/13/2018,Metcon,"12 min Amrap
16 DB Thrusters (50s/35s)
24 GHD’s",11146420,Fitness Battalion,CrossFit: 17:30,4 + 3,0,,0,0,AMRAP - Rounds and Reps,abmat situps w/ 14# medball
12/12/2018,12 Days of Crossfit (Hulk),"1 HSPU
2 Pistols
3 Bar Muscle Ups
4 Burpees
5 Ring Dips
6 Deadlifts [135/95]
7 Pull Ups
8 WB Shots [20/14]
9 Toes to Bar
10 Double Unders
11 Thrusters [135/95]
12 Bear Complexes [135/95]
(45min Cutoff)",8897536,Fitness Battalion,CrossFit: 17:30,36:25,0,,0,0,Time,"85#, band hspu, box assist mu, leg assist dips, k2w "
12/11/2018,Metcon,"For Time

18-15-12-9-6-3 
Thrusters (75/55)
Power snatches (75/55)
K2W",11129880,Fitness Battalion,CrossFit: 12:00,15:14,0,,1,0,Time,
12/10/2018,Metcon,"Big Dan:
20min AMRAP:
30 box jumps 30""
20 Push Press, 135#
30 Strict Pull Ups",11116599,Fitness Battalion,CrossFit: 17:30,3 + 4,0,,0,0,AMRAP - Rounds and Reps,"24"" step ups, 85#, 1 round pull ups, then ring rows"
12/08/2018,Karen,"For Time:  
150 Wall-Ball Shots, 20# / 14#",155,Fitness Battalion,CrossFit: 09:00,7:12,0,,1,0,Time,
12/06/2018,Metcon,"20min AMRAP:
5 Burpees to Bar
10 Turkish Get Ups",11086092,Fitness Battalion,CrossFit: 17:30,4 + 16,0,,1,0,AMRAP - Rounds and Reps,26#
12/05/2018,Metcon,"21-18-15-12-9-6-3 of:
DL (155/105#)
Weighted Lunges (45/25#) ea. leg
GHDs
-after each round 1 legless rope climb",11079289,Fitness Battalion,CrossFit: 12:00,19:58,0,,0,0,Time,legs
12/04/2018,Metcon,"12 min AMRAP:
-3 Front Squats (185,125)
-3 T2B
-6 Front Squats
-6 T2B
-9 Front Squats
-9 T2B...etc
then,
directly into 5 min max OTB Burpees
",11079396,Fitness Battalion,CrossFit: 17:30,139 Reps,0,,0,0,AMRAP - Reps,90 + 49 burpees / 125# down to 115#
12/03/2018,Metcon,"4 Rounds:
-50 Double Unders
-7 HSPU w 4"" deficit
?-7 Power Cleans (135,95)",11079477,Fitness Battalion,CrossFit: 12:00,8:25,0,,0,0,Time,green-black
11/30/2018,Cindy,"20-Minute AMRAP of: 
5 Pull-ups  
10 Push-ups 
15 Squats",106,Fitness Battalion,CrossFit: 17:30,10 + 0,0,,1,0,AMRAP - Rounds and Reps,
11/29/2018,Metcon,"All athlete levels:
10 Rounds of:
Every 2 mins 200m Sprint",11034982,Fitness Battalion,CrossFit: 17:30,0:37,0,,1,0,Time,
11/27/2018,Metcon,"800m Run
10-1 Bar Muscle Ups
1-10 GHD Situps
800m Run",11027844,Fitness Battalion,CrossFit: 17:30,20:55,0,,0,0,Time,jumping bar muscle up
11/26/2018,Metcon,"5 Rnds For Time:
10 Sqt cleans (135/95#)
10 OTB Burpees
10 KB Swings (70/53#)
500m Row",11027799,Fitness Battalion,CrossFit: 12:00,26:39,0,,0,0,Time,"reg burpees, rkb"
11/24/2018,Metcon,"Three rounds for time of:
400 Meter Run
10 Dumbbell Box Step-Overs
(load these heavy enough to be a good challenge)",10996838,Fitness Battalion,CrossFit: 09:00,9:02,0,,1,0,Time,
11/21/2018,Metcon,"For Time:
7 Rounds of:
7 HSPU/Wall Walks
7 Thrusters (95/65#)
7 T2B
7 DL (185/95##)
7 Burpees
7 KB Swings (53/35#)
7 Pullups",10982419,Fitness Battalion,CrossFit: 6:30,25:08,0,,0,0,Time,
11/19/2018,Metcon,"3 Rnds for Time:
4 HSPU 
8 G2O (135/95#)
12 Burpees",10982393,Fitness Battalion,CrossFit: 17:30,6:20,0,,0,0,Time,green-red
11/15/2018,Metcon,"5 Rounds, 1:00 each exercise:
-Medball Cleans 
-Russian Twists 
-Wallballs 
-Burpees
?-1 Min Rest",10941478,Fitness Battalion,CrossFit: 17:30,14 lbs,0,,0,0,Weight,300
11/15/2018,Metcon,"For Time:
100 K2W
- Perform 15 Push Ups every time you break -",10952169,Fitness Battalion,CrossFit: 17:30,4:54,0,,0,0,Time,
11/14/2018,Metcon,"4 rds
1 min Cal Row at 10/8 damper
1 min DB Snatch (50/35)
1 min Burpees
1 min Double Unders
1 min Rest

Scored by total reps",10948222,Fitness Battalion,CrossFit: 12:00,375 Reps,0,,1,0,AMRAP - Reps,
11/12/2018,Metcon,400m slosh ball carry,10953709,Fitness Battalion,CrossFit: 12:00,7:40,0,,1,0,Time,"1/2 yellow, 1/2 dark blue"
11/12/2018,Metcon,"3 Rounds:
-25 DB Push Jerks (35/26#)
-100 Singles
-25 DB Step-ups (24,20)(total)
?-100 Singles",10941487,Fitness Battalion,CrossFit: 12:00,17:05,0,,0,0,Time,"20# step ups, 1/2 20# pj"
11/09/2018,Metcon,"Mary Ann:
5 Rnds:
7 HSPUs
14 Pistols
21 Jumping Alternating Lunges",10906861,Fitness Battalion,CrossFit: 17:30,9:03,0,,0,0,Time,green-black banded hspu
11/08/2018,Metcon,"In Teams of 2
30 min AMRAP of:

1000m Row
100 Goblet Squats (70/53#)
150m Farmers Carry (2KBs same as above)
100 walking lunges (70/53#)
",10895848,Fitness Battalion,CrossFit: 17:30,2 + 1000,0,,0,0,AMRAP - Rounds and Reps,
11/06/2018,Metcon,"3 Rnds for Time:
800m Run
5 Bar Muscle Ups
10  Pushups 
15 GHD Situps
",10895665,Fitness Battalion,CrossFit: 12:00,19:55,0,,1,0,Time,"jumping bar muscle ups (20-24"")"
11/05/2018,Metcon,"In 10 mins:
15 BS 135/95#
100 DU's
15 OHS 135/95#
100 DU's
15 FS 135/95#
100 DU's
",10895810,Fitness Battalion,CrossFit: 12:00,9:41,0,,1,0,Time,
11/03/2018,Metcon,"10 push-presses
20 front squats
30 kettlebell swings
40 dumbbell snatches (alternating)
50 push-ups
40 dumbbell snatches (alternating)
30 kettlebell swings
20 front squats
10 push-presses",10863385,Fitness Battalion,CrossFit: 09:00,14:00,0,,0,0,Time,
11/01/2018,Metcon,"On the 3:00 x 6 Rounds:
400 Meter Run
3 Power Cleans (115/80) 
3 Squat Cleans  (115/80)",10863361,Fitness Battalion,CrossFit: 17:30,2:35,0,,0,0,Time,
10/30/2018,Metcon,"15 min AMRAP:
10 Shoulder to Overhead (95,65)
10 Weighted Lunges (each leg)
10 GHD Sit-ups
10 Box Hop Overs (24,20)",10848739,Fitness Battalion,CrossFit: 17:30,5 + 30,0,,1,0,AMRAP - Rounds and Reps,
10/29/2018,Metcon,"For Time:
100 Wall Balls (20/14#)
50 Cal Row
30 Burpee Pullups",10848732,Fitness Battalion,CrossFit: 12:00,13:10,0,,1,0,Time,standing reach
10/26/2018,Metcon,"4 Rnds for Time:

15 box jumps

20 GHD's

15 overhead  lunges (115/85#)",10829170,Fitness Battalion,CrossFit: 18:30,14:00,0,,0,0,Time,step ups
10/23/2018,Metcon,"For TIme:
50-40-30-20-10
5-10-15-20-25
Double Unders
Kettlebell swings (70/53#)
Toes to bar",10803192,Fitness Battalion,CrossFit: 12:00,25:50,0,,0,0,Time,Knees to waist
10/22/2018,Metcon,"20nin AMRAP:

10 burpees

20 wall balls (20/14#)

250m row",10803111,Fitness Battalion,CrossFit: 12:00,5 + 15,0,,1,0,AMRAP - Rounds and Reps,
10/20/2018,Metcon,"10 Overhead squats (155/105 lbs)
10 Box jump overs ( 24/20’’ box)
10  thrusters (205/125 lbs)
10 Power cleans (205/125 lbs)
10 Toes to bar
10 Burpee muscle-ups
10 Toes to bar
10 Power cleans (205/125 lbs)
10  Thrusters (205/125 lbs)
10 Box Jump overs (24/10’’ box)
10 Overhead squats (155/105 lbs)",10758116,Fitness Battalion,CrossFit: 09:00,16:30,0,,0,0,Time,95
10/19/2018,Grace,"For Time:  
30 Clean and Jerks, 135# / 95#",128,Fitness Battalion,CrossFit: 17:30,2:05,0,,0,0,Time,85#
10/18/2018,Metcon,"60 Calorie Row
50 Double unders
40 Wall Balls
30 Push-ups
20 Turkish Get ups (35/26# dumbell)
10 Overhead squats (95/65#)
5 bar Muscle ups",10758152,Fitness Battalion,CrossFit: 18:30,17:04,0,,0,0,Time,
10/17/2018,Metcon,"15 Min AMRAP:
3 Cal Row, 3 KB Swings (70/53)
6 Cal Row, 6 KB Swings
9 Cal Row, 9 KB Swings
...",10771931,Fitness Battalion,CrossFit: 12:00,8 + 27,0,,0,0,AMRAP - Rounds and Reps,russian
10/15/2018,Metcon,"5 Rounds for Time:
5 Burpee Broad Jumps
150m Run
",10758041,Fitness Battalion,CrossFit: 12:00,7:11,0,,1,0,Time,
10/15/2018,Metcon,"For Time

800 Meter Run

25 Deficit Push Ups

1000 Meter Row

25 Overhead Squats (65/35#)

200 Double Unders (300 Singles)",10758058,Fitness Battalion,CrossFit: 12:00,17:33,0,,0,0,Time,"regular push ups, 1/2 at 35#, singles"
10/11/2018,Metcon,"In Teams of 2:
5K Row
-then-
100 Squat Cleans (135/95)
50 Synchronized Bar Facing Burpees
25 Med Ball Situps (20#) athletes will face feet to feet and alternate each rep passing off the medbal ",10729081,Fitness Battalion,CrossFit: 18:30,35:02,0,,0,0,Time,85# squat cleans
10/10/2018,Metcon,"For Time:
30 Cal Row
30 Burpees
30 WBs (20/14#)
30 KBs (70/53#)
30 Push Press (135/95#)
30 PullUps (strict)",10711169,Fitness Battalion,CrossFit: 12:00,11:55,0,,0,0,Time,"44# RKBs, 65# PP, purple 8-7"
10/03/2018,Metcon,"800 Meter Run
20 Ground to Overhead (135/95 lbs)
30 Ring Dips
800 Meter Run
30 Ring Dips
20 Ground to Overhead (135/95 lbs)
800 Meter Run",10684851,Fitness Battalion,CrossFit: 12:00,24:47,0,,0,0,Time,"85#, foot assisted dips"
10/02/2018,Metcon,"21-18-15-12-9-6-3

KB Swings (70,53)
Box Jumps (30,24)",10668304,Fitness Battalion,CrossFit: 12:00,7:50,0,,1,0,Time,
10/01/2018,Paul,"5 Rounds for time of:  
50 Double-Unders  
35 Knees-To-Elbows 
20 Yd Overhead Barbell Walk, 185#",189,Fitness Battalion,CrossFit: 12:00,16:02,0,,0,0,Time,"100#, k2c"
09/25/2018,800m Run,Max Effort 800m Run,85,Fitness Battalion,CrossFit: 12:00,4:52,0,,1,0,Time,
09/25/2018,Metcon,"3 Rounds for Time:

20 Wall Balls 20/14
10 Burpees
15 Power Cleans 135/95#
5 Burpees",10613819,Fitness Battalion,CrossFit: 12:00,11:32,0,,0,0,Time,
09/24/2018,Metcon,"Run 800m
Choose different movement and complete 25 Reps

Run 400m
Choose different movement and on your own clock 3:00 AMRAP

Run 200m
Choose different movement and complete 30 Reps

Movements:
Pull ups Kipping
Push Ups
Burpees
GHDs",10613858,Fitness Battalion,CrossFit: 12:00,15:32,0,,1,0,Time,
09/18/2018,1000m Row,Max Effort 1000m Row,74,Fitness Battalion,CrossFit: 18:30,3:52,1,PR by 0:26 vs. 4:18 on 03/06/2018,1,0,Time,
09/17/2018,Metcon,"3 Rounds:
1 min KB Cleans (70/53#)
1 min Shuttle Sprints 25m
1 min RDLs  KBs (70/53#)
1 min Burpees
1 min GHD Situps
1 min rest",10568812,Fitness Battalion,CrossFit: 12:00,203 Reps,0,,0,0,AMRAP - Reps,35# cleans
09/15/2018,Metcon,"   30 Deficit handstand push-ups (4in/2in) (lhandstand pushups) (Wall Walks)
    40 Deadlifts (225/155) (185/115) (heavy load or challenging KB)
    50-Cal. Row
    60 Bar-facing burpees",10566300,Fitness Battalion,CrossFit: 10:00,15:55,0,,0,0,Time,
09/14/2018,Metcon,"Alternating On the Minute x 16 (8 Rounds):
Even: 10  Push-ups + 20 Double Unders 
Odd: Max Calorie Row",10510277,Fitness Battalion,CrossFit: 17:30,15 Calories,0,,1,0,Calories,
09/10/2018,Mary,"20-Minute AMRAP of:  
5 Handstand Push-ups  
10 Pistols (5-L / 5-R)  
15 Pull-ups",173,Fitness Battalion,CrossFit: 12:00,7 + 28,0,,0,0,AMRAP - Rounds and Reps,"purple 12-7up, bad leg 10"" box, green green"
09/08/2018,Metcon,"12 min AMRAP:
*alt rounds
20 DUs
10 T2B
5 Front Squats (155/105#, 135/85, 95/65#)
20 DUs (or 2:1 singles)
*Partners complete full round before 
switching.. Begin and end with DU

-- Rest 3 Mins --

12min CAP of:
50 wall-ball (switch as needed)
30 cleans, (135/95, 95/65, 65/45#)
50 wall-ball (20/14, 14/10. 10/6#)
20 cleans
50 wall-ball
10 cleans

-- Rest 3 Mins --

12 min Cap:
40 -30 – 20 -10 of:
Cals on rower
OHS (135/95, 95/65, 75/55 or Thrusters)

*switch as needed",10510200,Fitness Battalion,CrossFit: 09:00,12:00,0,,1,0,Time,
09/07/2018,Metcon,"6 Min Ladder of:
3 Power Snatches (115/85)
3 Bar Over Burppees (Bar Facing)
6 PwrSnatch
6 BFB
9 PwrSnatch
9 BFB
...",10496194,Fitness Battalion,CrossFit: 12:00,46 Reps,0,,1,0,AMRAP - Reps,
09/05/2018,Metcon,"4 rounds:
    300-m run
    4-3-2-1 rope climbs
    30 Yard Sled Push (4x45/3x45)",10480877,Fitness Battalion,CrossFit: 12:00,14:35,0,,1,0,Time,
09/04/2018,Metcon,"50 double-unders
5 squat snatches (135/95#)
50 double-unders
4 squat snatches
50 double-unders
3 squat snatches
50 double-unders
2 squat snatches
",10470863,Fitness Battalion,CrossFit: 17:30,6:55,0,,0,0,Time,75#
08/30/2018,2k Row,Max Effort 2k Row,79,Fitness Battalion,CrossFit: 17:30,9:17,0,,1,0,Time,
08/29/2018,Metcon,"10-9-8-7-6-5-4-3-2-1
Clean and Jerks (95/65)
Bar Facing Burpees",10444048,Fitness Battalion,CrossFit: 12:00,9:41,0,,0,0,Time,regular burpees
08/28/2018,Metcon," 30/24 Calorie Row
- 30 Floor Press (75,55)
- 30 KB Swings (53,35)
- 30 Push Press
- 20/16 Calorie Row
- 30 Floor Press
- 30 KB Swings
- 30 Push Press
- 10/8 Calorie Row
- 30 Floor Press
- 30 KB Swings
- 30 Push Press",10432568,Fitness Battalion,CrossFit: 17:30,22:06,0,,1,0,Time,
08/18/2018,Metcon,"5 Rounds For Time:
500 Meter Row 
10 Power Cleans (135/95#)
20 DU's
24 GHDs",10372675,Fitness Battalion,CrossFit: 10:00,24:12,0,,0,0,Time,14lbs situps
08/17/2018,Metcon,"5 RFT:
400m run
25m walking lunges
*all while wearing a weight vest (20/10#)",10372655,Fitness Battalion,CrossFit: 12:00,13:56,0,,1,0,Time,
08/13/2018,Metcon,"4 min AMRAP:
27/21 Cal Row
27 Burpees Over the Rower
27 C2B Pullups
- rest 4 mins-
4 Min AMRAP:
21/15 Cal Row
21 Burpees Over the Rower
21 T2B
-rest 4 mins-
4 Min AMRAP:
15/9 Cal . Row
15 Burpees Over the Rower
15 Pullups (strict)
",10331511,Fitness Battalion,CrossFit: 12:00,1 + 114,0,,0,0,AMRAP - Rounds and Reps,"purple 12-7up, toes to face"
08/03/2018,Annie,"50-40-30-20-10  
Double-unders  
Sit-ups",91,Fitness Battalion,CrossFit: 12:00,9:50,1,PR by 0:10 vs. 10:00 on 12/14/2017,1,0,Time,
07/12/2018,Metcon,"With a weight vest 20/10#
5 Rounds for Time:
400m Run
15 BJ's (30/24"")",10134498,Fitness Battalion,CrossFit: 17:30,15:23,0,,0,0,Time,
07/11/2018,Glen Smash,"400m Sandbag Run
20 CTB Pull Ups
35 Ring Push Ups
50 Sandbag Squats
150m Sled Push [3x45/2x45]
20 Ring Dips
35 WB Shots [20/14]
50 GHD Sit Ups
400m Sandbag Run",8704402,Fitness Battalion,CrossFit: 17:30,26:00,0,,0,0,Time,"purple 11-7 up, push ups, 1/2 way dropped a plate on sled, box dips"
06/28/2018,Metcon,"On the 3:00 x 6 Rounds:
400 Meter Run
3 Power Cleans (115/80) 
3 Squat Cleans  (115/80)",10033922,Fitness Battalion,CrossFit: 17:30,2:22,0,,0,0,Time,
06/27/2018,Metcon,"3rnds for Time:
21 DB Snatch Rt Arm (25#)
21 Pull Ups
21 DB Snatch Left Arm (25#)
21 Pull Ups
*Squat Snatch not power snatch",10033791,Fitness Battalion,CrossFit: 17:30,20:40,0,,0,0,Time,"20# (some 35#), purple 13-7 (some up)"
06/26/2018,Metcon,"15 min AMRAP:
10 Shoulder to Overhead (95,65)
10 Weighted Lunges (each leg)
10 GHD Sit-ups
10 Box Hop Overs (24,20)",10033653,Fitness Battalion,CrossFit: 17:30,6 + 21,0,,0,0,AMRAP - Rounds and Reps,
06/25/2018,Metcon,"For Time:
100 Wall Balls (20/14#)
50 Cal Row
30 Burpee Pullups",10018693,Fitness Battalion,CrossFit: 12:00,13:25,0,,1,0,Time,at standing reach
06/23/2018,Metcon,"""Kelen Helly""
For Time:
1 Round of ""Kelly""
2 Rounds of ""Helen""
1 Round of ""Kelly""

1 Round of Kelly:
400m Run
30 Box Jumps (24/20)
30 Wall Balls (20/14)

1 Round of Helen: 
400m Run
21 Kettlebell Swings (53/35) 
12 Pull-ups",9989504,Fitness Battalion,CrossFit: 09:00,21:41,0,,0,0,Time,"purple 17-12, 24"""
06/21/2018,Metcon,"""John Deere""
For Time: 
21-15-9
Row Calories
Double Unders

200 Meter Farmers Carry (70/53)

21-15-9
Row Calories
Double Unders

200 Meter Farmers Carry (70/53)

21-15-9
Row Calories
Double Unders",9989459,Fitness Battalion,CrossFit: 12:00,19:32,0,,1,0,Time,
06/20/2018,Metcon,"4 Rnds for Time:
400m Run
50 Jumping Air Squats
*while wearing a weight vest
",9981987,Fitness Battalion,CrossFit: 17:30,14:54,0,,0,0,Time,no jump
06/19/2018,Metcon,"""Strict Lynne""
5 Rounds: 
Max Bodyweight Bench Press
Max Strict Pull-Ups
Rest 3 Minutes Between",9981913,Fitness Battalion,CrossFit: 18:30,67 Reps,0,,0,0,AMRAP - Reps,"75#, purple 14-7up"
06/18/2018,Metcon,"10 min AMRAP:
You will have 10mins to Row for Max Distance/Meters. ",9981863,Fitness Battalion,CrossFit: 07:30,1345 meters,0,,1,0,Distance,
06/18/2018,1-Mile Run,Max Effort 1-Mile Run,78,Fitness Battalion,CrossFit: 07:30,6:34,1,PR by 0:15 vs. 6:49 on 04/30/2018,1,0,Time,
06/16/2018,Metcon,"50/35 Cal Row
800m Run
30 Power Snatches (115/80#)
800m Run
5 Rope Climbs",9964245,Fitness Battalion,CrossFit: 10:00,17:15,0,,1,0,Time,
06/14/2018,Metcon,"18min AMRAP:
200m Run
16/12 Cal Row
12 Pullups
8 Alternating DB Snatches (53/35#)
",9964229,Fitness Battalion,CrossFit: 12:00,4 + 200,0,,0,0,AMRAP - Rounds and Reps,low bar
06/13/2018,Metcon,"For Time:
21 Lateral Barbell Burpees
21 Power Cleans (135/95#)
15 Lateral Barbell Burpees
15 Hang Squat Cleans (135/95#)
9 Lateral Barbell Burpees
9 Thrusters (135/95#)",9935212,Fitness Battalion,CrossFit: 17:30,9:02,0,,1,0,Time,
06/11/2018,Metcon,"7min AMRAP:
15-12-9 of:
KB Swings (70/53#)
Frnt Squat (135/95#)
Cal Row (corresponds to the # of reps)

- 5min Break - 

7min AMRAP:
15-12-9 of:
KB Swings (70/53#)
Frnt Squats (115/80#)
Cal Row",9935169,Fitness Battalion,CrossFit: 18:30,1 + 96,0,,0,0,AMRAP - Rounds and Reps,russian 53# swings
06/10/2018,Grace,"For Time:  
30 Clean and Jerks, 135# / 95#",128,Fitness Battalion,Open Gym: 10:00,2:35,0,,1,0,Time,
06/09/2018,Metcon,"For Time:
200 Double Unders
100 Shoulder to Overhead (75/55)
50 T2B",9910623,Fitness Battalion,CrossFit: 09:00,1 + 0,0,,1,0,AMRAP - Rounds and Reps,14:14
06/08/2018,Metcon,"20min AMRAP:
3-6-9-12-15-18...
of :
DU's
Burpee Box Jump Overs (30/24"")",9910595,Fitness Battalion,CrossFit: 17:30,7 + 47,0,,1,0,AMRAP - Rounds and Reps,
06/06/2018,Metcon,"3 Rnds For Time:
10 Clean & Jerks (135/95#)
400m Run",9888349,Fitness Battalion,CrossFit: 17:30,9:57,0,,1,0,Time,
06/05/2018,Metcon,"15min AMRAP:
5 Cal Row
10 Wall Balls (20/14#)
15 Push Press (135/95#)",9888310,Fitness Battalion,CrossFit: 17:30,8 + 0,0,,0,0,AMRAP - Rounds and Reps,"2 rounds @ 75#, then 65#"
06/04/2018,Metcon,"Core Work: 3 Rnds:
30 Hollow Rocks
30 Russian Twists w KB (53/35#)
20 Bicycles",9887775,Fitness Battalion,CrossFit: 17:30,35 lbs,0,,0,0,Weight,
06/04/2018,Metcon,"Big Mike:
800m Run (w 20# vest)
50 Bck Extensions (w 20# vest)
50 GHD Situps (w 20# vest)",9887788,Fitness Battalion,CrossFit: 17:30,27:16,0,,0,0,Time,weighted vest sit ups
05/30/2018,Metcon,"AMRAP 10: 
3 Cal Row, 3 Kettlebell Swings (53/35) 
6 Cal Row, 6 KB Swings 
9 Cal Row, 9 KB Swings ",9858064,Fitness Battalion,CrossFit: 17:30,6 + 40,0,,1,0,AMRAP - Rounds and Reps,
05/30/2018,Metcon,"21-15-9 of:
K2W
(after each round 50m front rack walking lunges at 95/65#)",9858084,Fitness Battalion,CrossFit: 17:30,11:56,0,,1,0,Time,"1 round 85#, then 75#, some ttb"
05/29/2018,Metcon,"12 Min AMRAP:
Rep Scheme 3-6-9-12-15 ... of
Weighted Good Mornings (95/65#)
Back Squat (95/65#)",9858026,Fitness Battalion,CrossFit: 17:30,6 + 18,0,,1,0,AMRAP - Rounds and Reps,
05/28/2018,Full On Murph,"""Murph""
1 Mile Run
100 Pull Ups
200 Push Ups
300 Squats
1 Mile Run
(Done in order; strict. Wear a [20/10] vest)",7895438,Fitness Battalion,CrossFit: 10:00,49:29,0,,0,0,Time,
05/24/2018,Metcon,"4 Rope Climbs
16 Bear Complexes (95/65#)
3 Rope Climbs
12 Bear Complexes
2 Rope Climbs
8 Bear Complexes",9809589,Fitness Battalion,CrossFit: 17:30,9:34,0,,1,0,Time,
05/23/2018,Metcon,"10 Rnds for TIme:
30 DU's
5 DL's (135/95#)
5 Back Squats (135/95#)
5 S2O (135/95#)",9809525,Fitness Battalion,CrossFit: 12:00,19:19,0,,1,0,Time,
05/22/2018,Metcon,"20 min AMRAP:
10 Modified HSPU, use box for knees hands on ground
10 K2W
100m sprint
10 OvrHD DB Lunges (53/35#)",9809502,Fitness Battalion,CrossFit: 17:30,7 + 18,0,,1,0,AMRAP - Rounds and Reps,
05/22/2018,1-Mile Run,Max Effort 1-Mile Run,78,Fitness Battalion,CrossFit: 17:30,7:11,0,,1,0,Time,
05/16/2018,Metcon,"3 RFT:
400m Run 
50 OHS (95/65)",9775385,Fitness Battalion,CrossFit: 17:30,20:38,0,,1,0,Time,
05/15/2018,Metcon,"20 Min AMRAP:
100 DU's
50 Medball Situps
25 WB's (14/10#)",9760417,Fitness Battalion,CrossFit: 17:30,3 + 160,0,,1,0,AMRAP - Rounds and Reps,
05/14/2018,Randy Smash,40 Hang Squat Snatches [135/95],7815050,Fitness Battalion,CrossFit: 17:30,9:35,0,,0,0,Time,95#
05/12/2018,Metcon,"Teams of 3
For Time (25 Minute Cap):
400 Meter Wreck Bag Run 
100 Deadlifts (155/105)
400 Meter Wreck Bag Run
80 Hang Power Cleans (155/105)
400 Meter Wreck Bag Run
60 Front Squats (155/105)
400 Meter Wreck Bag Run
40 Push Jerks (155/105)
400 Meter Wreck Bag Run
20 Clusters (155/105)

Due to limited bags carry 20/14# bed balls.

",9737794,Fitness Battalion,CrossFit: 09:00,25:00,0,,0,0,Time,
05/11/2018,Metcon,"5 rounds for time of:
1 sub-0:45 250-m row
50 unbroken double-unders",9737681,Fitness Battalion,CrossFit: 17:30,35:20,0,,0,0,Time,"30 du pr then singles, :55 target time"
05/09/2018,Metcon,"AMRAP 5: 
Buy-In: 100 Double Unders 
12 Power Cleans (115/80)
4 Burpee Box Jump Overs (24/20)

rest 5 minutes

AMRAP 5: 
Buy-In: 100 Double Unders 
8 Power Cleans (135/95)
4 Burpee Box Jump Overs (24/20)

rest 5 minutes

AMRAP 5: 
Buy-In: 100 Double Unders 
4 Power Cleans (155/105)
4 Burpee Box Jump Overs (24/20)

",9719908,Fitness Battalion,CrossFit: 18:30,7 + 4,0,,1,0,AMRAP - Rounds and Reps,"24"":2-2+4-3"
05/07/2018,Metcon,"50-40-30-20-10
Double Unders
Med Ball Situps (20/14#)
200m Run",9719835,Fitness Battalion,CrossFit: 07:30,12:30,0,,1,0,Time,
05/04/2018,Metcon,"3 rnds of:
50 DU's
21 Power Cleans (155/105)",9675377,Fitness Battalion,CrossFit: 17:30,9:53,0,,0,0,Time,85#
05/03/2018,Metcon,"1 mile run
50 Pull Ups
50 Push Ups
800m Run
25 Pull Ups
25 Push Ups
400m Run
15 Pull Ups
15 Push Ups
200 m run",9675331,Fitness Battalion,CrossFit: 17:30,28:18,0,,0,0,Time,Low Bar Pull Ups
05/01/2018,Metcon,"3 Rnds of Max Reps Per Round:
1 min WB's 20/14#
1 min SDHP 135/95#
1 min Box Jumps 30/24""
1 min Push Press 135/95#
1 min Rest",9674877,Fitness Battalion,CrossFit: 18:30,172 Reps,0,,1,0,AMRAP - Reps,
04/30/2018,Metcon,"Row 20 Cal
Sprint 100M with 45/25# plate
Row 30 Cal
Sprint 100m 
Row 40 Cal
Sprint 100m
Row 50 Cal
Sprint 100m
Row 60 Cal
Sprint 100m",9674806,Fitness Battalion,CrossFit: 17:30,21:57,0,,1,0,Time,
04/30/2018,1-Mile Run,Max Effort 1-Mile Run,78,Fitness Battalion,CrossFit: 17:30,6:49,1,PR by 0:11 vs. 7:00 on 02/16/2018,1,0,Time,
04/28/2018,Metcon,"2 Rounds For Time: 
400 Meter Run
26 Hand Release Push-ups
400 Meter Run
26 Kettlebell Swings (70/53)
400 Meter Run
26 Sit-ups
400 Meter Run
26 Deadlifts (135/95)
400 Meter Run
26 Jumping Air Squats
400 Meter Run
26 Box Jumps (30/24)",9618568,Fitness Battalion,CrossFit: 10:00,39:55,0,,0,0,Time,"Regular Push Ups, 35lb KBS, 20"" Box Jumps"
04/26/2018,Metcon,"Teenage Tommy:
21 Thrusters (95/55#)
12 Rope Climbs
15 Thrusters (95/55#)
9 Rope Climbs
9 Thrusters (95/55#)
6 Rope Climbs",9618514,Fitness Battalion,CrossFit: 17:30,12:08,0,,1,0,Time,
04/25/2018,Metcon,"10 Power Cleans (115/85#)
50 Air Squats
10 Front Sqts (115/85#)
50 Air Squats
10 Push Jerks (115/85#)
50 Air Squats
10 Clusters (115/85#)
50 Air Squats",9618477,Fitness Battalion,CrossFit: 17:30,10:47,0,,1,0,Time,95#
04/23/2018,Metcon,"14min AMRAP of:
5 Deadlifts (185/135#)
5 K2W",9618408,Fitness Battalion,CrossFit: 17:30,14 + 5,0,,1,0,AMRAP - Rounds and Reps,ttb
04/21/2018,Metcon,"4 Rnds:

29 KB Swings (53/35#)
29 Med Ball Situps (20/14#)
29 T2B
29 Burpees",9596679,Fitness Battalion,CrossFit: 10:00,30:38,0,,0,0,Time,"Russian Swings
K2W"
04/19/2018,Metcon,"21-15-9 of:
Deadlifts (185/135#)
Pullups (strict or Kipping)
Pushups",9577405,Fitness Battalion,CrossFit: 17:30,9:41,0,,0,0,Time,Green Band Pull Ups
04/18/2018,Metcon,"5 Rnds of:
10 Push Jerks (95/65#)
10 Back Sqts (95/65#)
10 Box Step Ups w barbell (95/65#) 5 each leg, box height (24/20"")
10 Box Jump Overs (no barbell)",9577375,Fitness Battalion,CrossFit: 17:30,12:29,0,,1,0,Time,
04/17/2018,Metcon,"15min AMRAP
400m Run
20 DU's
10 Wall Balls (20/14#)
",9577307,Fitness Battalion,CrossFit: 17:30,5 + 0,0,,1,0,AMRAP - Rounds and Reps,
04/16/2018,Metcon,"1000m Row Buy In
Then
Pullups (any kind strict or kipping) 
15-12-9-6-3
Pistols 3-6-9-12-15
Then
1000m Row Cash Out",9577272,Fitness Battalion,CrossFit: 18:30,16:18,0,,0,0,Time,green band pulls
04/14/2018,Metcon,"21-18-15-12-9-6-3
Cal Row
KB Swings (70/53#)
KB Goblet Squats (70/53#)",9565189,Fitness Battalion,CrossFit: 09:00,17:01,0,,0,0,Time,44lb KB (Russian Swings)
04/13/2018,Metcon,"15 Min AMRAP:
1 Tire Flip (medium tire)
5 Bear Complexes (95/65#)
",9531134,Fitness Battalion,CrossFit: 17:30,9 + 0,0,,1,0,AMRAP - Rounds and Reps,heavy tire
04/12/2018,Kelly Smash,"3 Rounds
400m Sandbag Carry
35 Sandbag Box Jumps [24""]
35 Thrusters [95/65]",7856491,Fitness Battalion,CrossFit: 17:30,26:20,0,,0,0,Time,"rx box jumps (no sand bag)
55lb Thrusters"
04/10/2018,Captain Isabel,30 Power Snatches [95/65],7936045,Fitness Battalion,CrossFit: 17:30,2:08,1,PR by 1:17 vs. 3:25 on 03/13/2018,1,0,Time,70 Lbs.
04/07/2018,Metcon,"3 rnds ofL
5 HSPU
5 PullUps (any stile, kipping etc)
10 DB Strict Press (35/20#) ea. arm
10 bent over rows (35/20#) ea. arm

then 100 Cal Row

then 3rnds of:
5 HSPU
5 PullUps (any stile, kipping etc)
10 DB Strict Press (35/20#) ea. arm
10 bent over rows (35/20#) ea. arm
",9491091,Fitness Battalion,CrossFit: 09:00,22:00,0,,0,0,Time,"pike push ups, controlled negatives and kipping practice"
04/06/2018,Metcon,"Core Blaster
3 Rnds of: 50 Russian Twists (w KB), 40 Reach Crunches (w KB), 30 bicycle crunches, 20 Toe Touch Situps 1 Min Plank

50-40.30.20- 1min
",9531040,Fitness Battalion,CrossFit: 17:30,26 lbs,0,,1,0,Weight,
04/06/2018,Metcon,"10 Mins of:
Sled Push (135/45)
Airsquats",9491048,Fitness Battalion,CrossFit: 17:30,105 Reps,0,,1,0,AMRAP - Reps,3 plates then 2 plates
04/05/2018,Metcon,"20 min AMRAP:
7 Snatches (95/65#)
7 Burpees
500m Row",9490929,Fitness Battalion,CrossFit: 17:30,5 + 81,0,,1,0,AMRAP - Rounds and Reps,
04/03/2018,Metcon,"4 Rnds for time:
12 x Pushups
24 x Box Jump Overs (24/20"")
36 x Med ball Situps (20/14#)
48 x Du's ",9490853,Fitness Battalion,CrossFit: 17:30,18:30,0,,0,0,Time,
03/29/2018,Metcon,"The Little Seven: 7 Rounds for time:
7 Wall Walks
7 Thrusters (95/65#)
7 T2B
7 Deadlift (185/135#)
7 Burpees
7 KB Swings (53/35#)
7 Jumping Pull Ups",9454013,Fitness Battalion,CrossFit: 18:30,36:28,0,,0,0,Time,135 DL/65 T/35 KB
03/27/2018,Metcon,"3 Rnds for Time:
100 DU's or 300 Singles
15 Snatches (95/65#)",9453937,Fitness Battalion,CrossFit: 17:30,13:57,0,,1,0,Time,
03/23/2018,Metcon,"5 Rounds of:
1 Lap Around the Building Farmers Carry (70/53, 53/35. challenging weight)
5 Jerks Push or Split
* Record Heaviest Jerk as score, note farmers carry weight in comments at score card",9444117,Fitness Battalion,CrossFit: 17:30,105 lbs,0,,1,0,Weight,53s-44s
03/23/2018,CrossFit Games Open 18.5  (Ages 16-54)  11.6 and 12.5,"Complete AMRAP in 7 minutes of:

3 Thrusters, 100#/ 65#
3 Chest-To-Bar Pull-ups
6 Thrusters, 100#/ 65#
6 Chest-To-Bar Pull-ups
9 Thrusters, 100#/ 65#
9 Chest-To-Bar Pull-ups
12 Thrusters, 100#/ 65#
12 Chest-To-Bar Pull-ups
15 Thrusters, 100#/ 65#
15 Chest-To-Bar Pull-ups
18 Thrusters, 100#/ 65#
18 Chest-To-Bar Pull-ups
21 Thrusters, 100#/ 65#
21 Chest-To-Bar Pull-ups

This is a timed workout. If you complete the round of 18,
go on to 21. If you complete 21, go on to 24, etc.",8915596,Fitness Battalion,CrossFit: 17:30,90 Reps,0,,0,0,AMRAP - Reps,jumping pulls
03/22/2018,Metcon,"3 Rnds for Time:
50 DU's
2 Rope Climbs
30 Medball Situps (20/14)
20 OHS (95/65)
",9423294,Fitness Battalion,CrossFit: 17:30,16:47,0,,0,0,Time,65 lbs.
03/20/2018,Metcon,"3 Rnds for time:
15 Deadlifts 75% of Body Weight
400 m Run",9410264,Fitness Battalion,CrossFit: 17:30,7:22,0,,0,0,Time,120 Lbs.
03/13/2018,Captain Isabel,30 Power Snatches [95/65],7936045,Fitness Battalion,CrossFit: 17:30,3:25,0,,1,0,Time,
03/10/2018,Metcon,"800m Run Buy In 20/10# Vest
-then-
5 Rnds:
15 wall balls (20/14#)
15 Russian Twists (70/53#)
15 KB Swings (70/53#)
-then-
800m Run Cash Out 20/10# vest
",9339459,Fitness Battalion,CrossFit: 10:00,20:08,0,,0,0,Time,35# KB
03/09/2018,Crossfit Games Open 18.3 Scaled (Ages 16-54),"2 rounds for time of:

100 single-unders
20 overhead squats 45/35 lb
100 single-unders
12 chin-over-bar pull-ups
100 single-unders
20 dumbbell snatches 35/20 lb
100 single-unders
12 chin-over-bar pull-ups

Time cap: 14 minutes",9366425,Fitness Battalion,CrossFit: 17:30,14:00,0,,0,0,Time,"low bar pull ups, 812"
03/08/2018,Karen Smash,150 Thrusters [75/55],8612324,Fitness Battalion,CrossFit: 17:30,13:33,1,PR by 3:09 vs. 16:42 on 11/06/2017,1,0,Time,
03/06/2018,Metcon,"5 Rounds of:
1:00 min Medball Situps (20/14)
1:00 min Wall balls (20/14)
1:00 min DU's 
1:00 rest
*score is total number of reps from all movements",9339333,Fitness Battalion,CrossFit: 18:30,368 Reps,0,,1,0,AMRAP - Reps,
03/06/2018,1000m Row,Max Effort 1000m Row,74,Fitness Battalion,CrossFit: 18:30,4:18,1,PR by 0:12 vs. 4:30 on 01/20/2018,1,0,Time,
03/02/2018,Metcon,"18.2/18.2 A RX
12 Mins  cap to complete the following two parts:
Part A: ascending order of 2 movements reps 1-10 of:
50/35# DB Squats
Bar Facing Burpees

Part B:
in remaining time of 12mins if any, 1RM Clean",9326387,Fitness Battalion,CrossFit: 12:00,10:10,0,,1,0,Time,clean 130#
03/02/2018,Crossfit Games Open 18.2 (Ages 16-54),"1-2-3-4-5-6-7-8-9-10 reps 
for time of:
Dumbbell squats 50/35 lb
Bar-facing burpees

-12 minute time cap
- If you finish under the time cap, use remaining time to complete 18.2a
- If you don't finish before the time cap, add 1 second for every rep you don't complete before the time cap
",9326153,Fitness Battalion,CrossFit: 12:00,10:10,0,,1,0,Time,
03/02/2018,Crossfit Games Open 18.2 A (all divisions),Use the remaining time from 18.2 to accomplish a 1RM  clean,9326190,Fitness Battalion,CrossFit: 12:00,130 lbs,0,,1,0,Weight,
03/01/2018,Metcon,"Run 1 Mile
100 WBs (14/10#)
75 Burpees
50 Wall Walks",9300316,Fitness Battalion,CrossFit: 17:30,29:30,0,,0,0,Time,pike push ups and box hspu
02/27/2018,Metcon,"15 Min AMRAP:
10 Push Press (95/65#)
10 OTB Burpees
30 DU's",9300086,Fitness Battalion,CrossFit: 17:30,6 + 5,0,,1,0,AMRAP - Rounds and Reps,
02/24/2018,Metcon,"5 Rounds of:
800 m run 
Sled Push (145/45#) x 1
2 tire flips 
3 Rope Climbs ",9290193,Fitness Battalion,CrossFit: 10:00,33:15,0,,1,0,Time,
02/23/2018,Metcon,"CrossFit Games OPEN 18.1 RX
20 min AMRAP of:
8 T2B
10 DB Hang Clean & Jerks (50/35#)
Cal Row (14/12)


",9286504,Fitness Battalion,CrossFit: 17:00,300 Reps,0,,0,0,AMRAP - Reps,knw
02/22/2018,Metcon,"18 Min AMRAP:
21/15 Cal Row
18 Weighted Lunges (45/25# plate over head)
15 Medball or Weighted Situps (same weight as lunges)
12 Push Ups",9274780,Fitness Battalion,CrossFit: 17:30,5 + 0,0,,1,0,AMRAP - Rounds and Reps,
02/20/2018,Metcon,"4 Rnds of the Following:
2 Legless Rope Climbs
10 Push Press (115/75#)
15 Jumping Air Squats
20 Box Jump Overs (24/20"")",9259891,Fitness Battalion,CrossFit: 17:30,8:55,0,,1,0,Time,
02/19/2018,Metcon,"5 Rnds for Time:
5 Front Squats (135/95#)
10 Wipers (hanging from rig T2B style)",9259819,Fitness Battalion,CrossFit: 17:30,4:15,0,,0,0,Time,l-tuck wipers
02/17/2018,Metcon,"1 Round of the following:
10 Overhead squats (155/105 lbs)
10 Box jump overs ( 24/20’’ box)
10 Fat bar thrusters (135/95 lbs)
10 Power cleans (205/125 lbs)
10 Toes to bar
10 Burpee muscle-ups
10 Toes to bar
10 Power cleans (205/125 lbs)
10 Fat bar Thrusters (135/95 lbs)
10 Box Jump overs (24/10’’ box)
10 Overhead squats (155/105 lbs)",9251097,Fitness Battalion,CrossFit: 10:00,13:55,0,,1,0,Time,85#
02/16/2018,1-Mile Run,Max Effort 1-Mile Run,78,Fitness Battalion,CrossFit: 12:00,7:00,0,,1,0,Time,monster (45sec PR!)
02/16/2018,Metcon,"3 Rounds for Time:
10 Box Jumps (30/24"")
150m Sprint",9233483,Fitness Battalion,CrossFit: 12:00,4:08,0,,1,0,Time,
02/13/2018,Metcon,"3 Rounds for Time:
20 DU's 
10 Bear Complexes (95/65#)
400 M Run",9219468,Fitness Battalion,CrossFit: 6:30,14:06,0,,1,0,Time,
02/10/2018,Metcon,"For Time:
50/35 Cal Row
40 KB Swings 53/35#)
30 Push Press (115/80#)
40 KB Swings (53/35#)
50/35 Cal Row",9197313,Fitness Battalion,CrossFit: 10:00,11:47,0,,1,0,Time,
02/08/2018,Grace's Little Sister,30 Clean & Jerks 95/65#,8986034,Fitness Battalion,CrossFit: 6:30,1:47,1,PR by 0:45 vs. 2:32 on 01/08/2018,1,0,Time,
02/06/2018,CrossFit Games Open 15.1 Scaled,"9-Minute AMRAP of:
15 Hanging Knee Raises
10 Deadlifts, 85# / 55#
5 Ground to Overhead, 85# / 55#
",2111184,Fitness Battalion,CrossFit: 6:30,5 + 0,0,,1,0,AMRAP - Rounds and Reps,
02/03/2018,Metcon,"3 Rnds:
50 WB's (14/10#)
50 DU's or 150 Singles
40 Box Jumps (24/20)
40 K2E
30  PU's
30 Burpees
20 Cleans (95/65#)
20 Jerks (95/65#)
10 Snatches (95/65#)
10 Bar Muscle Ups",9159157,Fitness Battalion,CrossFit: 10:00,40:00,0,,0,0,Time,2 (40:00 cap) jumping Bar MU
02/01/2018,Metcon,"60 DUs or 180 Singles
50' Weighted Walking Lunges (53/35#)
40 DUs or 180 Singles
50' Weighted Walking Lunges (53/35#)
20 DUs or 180 Singles
50"" Weighted Walking Lunges (53/35#)",9123218,Fitness Battalion,CrossFit: 6:30,5:30,0,,1,0,Time,55#
01/25/2018,Metcon,"5 Rnds for Time:
7 Jerks (Push or Split) @ 80% of BWT
20 Pull-ups (if you have to do a progression, No Bands, low bar only)
*Rest 1 x's the time it took to complete the round before continuing on to the next round",9092106,Fitness Battalion,CrossFit: 6:30,14:50,0,,0,0,Time,"95#
bbap"
01/20/2018,Metcon,"100 DU's or 300 Singles Buy In- Then:21-15-9-6-3 of the following:
Box Jumps (24/20)
Hang Cleans (75/55)
Push Press (115/75)
Wall Balls (20/14)
100 DU’s or 300 Singles Cash Out
",9051488,Fitness Battalion,CrossFit: 10:00,18:00,0,,1,0,Time,Singles
01/20/2018,1000m Row,Max Effort 1000m Row,74,Fitness Battalion,CrossFit: 10:00,4:30,0,,1,0,Time,
01/19/2018,Metcon,"21-15-9
Thrusters (95/65#)
K2Es
",9051155,Fitness Battalion,CrossFit: 12:00,5:46,0,,0,0,Time,knees to chest
01/15/2018,Metcon,"1 Mile Run
50 KB Swings ( pick a challenging weight)
50 Ab Mat situps
800 M Run
30 KB Swings
50 Ab Mat
400 M Run
10 KB Swings 
10 Ab Mat Situps
",9038034,Fitness Battalion,CrossFit: 12:00,21:55,0,,1,0,Time,44-35# RKB
01/11/2018,Metcon,"10 Rounds for Time:
Row 20/15 Cals
10 Hang Power Cleans (95/65#)
",9006661,Fitness Battalion,CrossFit: 6:30,19:39,0,,1,0,Time,
01/10/2018,Metcon,"20 MIN AMRAP
20 x Push Press as close to 50% of your body weight as possible
400m Run
15 Push Ups (can use progression)
",9006446,Fitness Battalion,CrossFit: 12:00,4 + 0,0,,1,0,AMRAP - Rounds and Reps,"65#, worming push"
01/08/2018,Grace's Little Sister,30 Clean & Jerks 95/65#,8986034,Fitness Battalion,CrossFit: 6:30,2:32,0,,1,0,Time,
01/05/2018,DT,"5 Rounds for time:  
12 Deadlifts, 155# / 105# 
9 Hang Power Cleans, 155# / 105#
6 Push Jerks, 155# / 105#",116,Fitness Battalion,CrossFit: 17:30,10:07,0,,0,0,Time,85#
01/05/2018,EMOM 10 DL's,"10 Min EMOM
3 x DL @ 75% of 1RPM",8955172,Fitness Battalion,CrossFit: 17:30,155 lbs,0,,1,0,Weight,
01/03/2018,RX AMRAP 20,"400m Run
10 Pull Ups
15 Thrusters (95/65#)",8955001,Fitness Battalion,OPEN GYM,4 + 0,0,,0,0,AMRAP - Rounds and Reps,low bar pullups Lsit
01/02/2018,Metcon,"5 Rounds for Time
5 HSPU progressions on box
5 DL 185/135# + 20#s per RND",8936023,Fitness Battalion,CrossFit: 6:30,12:46,0,,0,0,Time,"ended at 190#
knees on box"
12/31/2017,Fight Gone Bad,"Three rounds of:   
Wall-ball Shots (Reps), 20#
Sumo deadlift high-pull (Reps),  75# 
Box Jumps, 20""  (Reps)
Push-press (Reps), 75#
Row (Calories)  
1-minute rest",34267,Fitness Battalion,Open Gym: 10:00,243 Total Reps,0,,1,0,Each Round For Reps,"Round 1 @ 24"""
12/21/2017,2min Double-Unders,Get as many double-unders as possible in two minutes. Record your largest unbroken set in the notes,8435223,Fitness Battalion,CrossFit: 12:00,10 Reps,0,,1,0,AMRAP - Reps,
12/21/2017,Metcon,"15min AMRAP
10 Burpees
3 Wall Climbs",8838192,Fitness Battalion,CrossFit: 12:00,7 + 10,0,,0,0,AMRAP - Rounds and Reps,
12/20/2017,Metcon,"5 Rounds
400m Run
15 Front Squats [95/65]",8838181,Fitness Battalion,CrossFit: 12:00,15:28,0,,1,0,Time,
12/19/2017,Metcon,"7 Rounds of 7min
50 Star Jumps
15 Toes to Bar
2 Rope Climbs
Max WB Shots [14/10]",8838160,Fitness Battalion,CrossFit: 12:00,0 Reps,0,,0,0,AMRAP - Reps,5 rounds
12/14/2017,Annie,"50-40-30-20-10  
Double-unders  
Sit-ups",91,Fitness Battalion,CrossFit: 12:00,10:00,0,,1,0,Time,
12/13/2017,Metcon,"15min AMRAP
10m Overhead Walking Lunges [45/25]
3 Atomic Sit Ups
3 Muscle Ups",8800397,Fitness Battalion,CrossFit: 12:00,9 + 0,0,,0,0,AMRAP - Rounds and Reps,box assisted bmu
12/08/2017,Metcon,"15min AMRAP
5 Power Snatches [95/65]
5 Pull Ups",8755336,Fitness Battalion,CrossFit: 12:00,8 + 5,0,,0,0,AMRAP - Rounds and Reps,purple pin 1 big left
12/08/2017,2min Double-Unders,Get as many double-unders as possible in two minutes. Record your largest unbroken set in the notes,8435223,Fitness Battalion,CrossFit: 12:00,40 Reps,0,,1,0,AMRAP - Reps,15 unbroken
12/04/2017,Fran,"21-15-9  
Thrusters, 95# / 65#  
Pull-ups",123,Fitness Battalion,CrossFit: 12:00,8:20,0,,0,0,Time,"75#, low bar"
12/01/2017,Captain Eva,"10 Rounds
400m Run
15 KB Swings [53/35]
15 Pull Ups",7968387,Fitness Battalion,CrossFit: 12:00,38:30,0,,0,0,Time,low bar/ring row
11/29/2017,Metcon,"15min AMRAP
10 WB Shots [20/14]
5 Burpee Tuck Jumps",8704553,Fitness Battalion,CrossFit: 17:30,10 + 2,0,,1,0,AMRAP - Rounds and Reps,
11/26/2017,Metcon,"15min AMRAP
10 Farmers Carry Lunges [53s/35s]
5 Burpees
3 Bar Muscle Ups",8644441,Fitness Battalion,Open Gym: 10:00,9 + 10,0,,0,0,AMRAP - Rounds and Reps,box assisted
11/24/2017,Metcon,"15min AMRAP
5 Overhead Squats [95/65]
5 Bar Facing Burpees
10 Double Unders",8704471,Fitness Battalion,CrossFit: 18:30,8 + 3,0,,1,0,AMRAP - Rounds and Reps,
11/22/2017,Metcon,"21-15-9
Deadlift [155/105]
Toes to Bar",8704440,Fitness Battalion,CrossFit: 18:30,5:57,0,,0,0,Time,knees to chest
11/21/2017,Metcon,"9 Rounds of 5min
400m Run
2 Rope Climbs
Max Reps KB Swings [53/35]",8704417,Fitness Battalion,CrossFit: 6:30,225 Reps,0,,1,0,AMRAP - Reps,
11/15/2017,Lumberjack Cap,"20 Deadlifts [185/115]
400m Run
20 KB swings [53/35]
400m Run
20 Overhead Squats [75/55]
400m Run
20 Burpees
400m Run
20 Pullups
400m Run
20 Box Jumps [20""]
400m Run
20 KB Squat Cleans [35s/26s]
400m Run",7775060,Fitness Battalion,CrossFit: 17:30,30:00,0,,0,0,Time,low bar pull ups
11/13/2017,Metcon,"1 Pull Up
10 Clusters [95/65]
2 Pull Ups
9 Clusters
3 Pull Ups
8 Clusters
...
10 Pull Ups
1 Cluster",8644382,Fitness Battalion,CrossFit: 17:30,14:14,0,,0,0,Time,"75#, low bar"
11/11/2017,Mr. Joshua,"5 Rounds for time of:  
400m Run  
30 GHD Sit-ups  
15 Deadlifts, 250#",181,Fitness Battalion,CrossFit: 10:00,26:00,0,,0,0,Time,"125#, abmat sit ups"
11/10/2017,Metcon,"15min AMRAP
10 Burpees
5 Atomic Sit Ups [45/25]
(Wear a vest [20/10])",8612413,Fitness Battalion,CrossFit: 12:00,8 + 0,0,,1,0,AMRAP - Rounds and Reps,
11/08/2017,Metcon,"15min AMRAP
400m Run
5 Bar Muscle Ups
2 Power Cleans [155/105]",8612361,Fitness Battalion,CrossFit: 18:30,4 + 400,0,,0,0,AMRAP - Rounds and Reps,"jumping bar mu
105#"
11/06/2017,Karen Smash,150 Thrusters [75/55],8612324,Fitness Battalion,CrossFit: 12:00,16:42,0,,1,0,Time,
11/03/2017,Baseline,"500m Row
40 Squats
30 Sit Ups
20 Push Ups
10 Pull Ups",8542589,Fitness Battalion,CrossFit: 6:30,6:12,0,,0,0,Time,barbell assisted pullups
11/01/2017,Metcon,"15min AMRAP
10 Box Pistols
10 Pull Ups
10 Push Presses [95/65]",8542578,Fitness Battalion,CrossFit: 18:30,7 + 0,0,,0,0,AMRAP - Rounds and Reps,top of box pistols
10/27/2017,Metcon,"6 Rounds of 7min Each
15 Deadlifts [155/105]
5 Clusters
3 Rope Climbs
Max Meters Bear Crawl",8497340,Fitness Battalion,CrossFit: 6:30,144.75 meters,0,,0,0,Distance,"75# cluster, G2box"
10/23/2017,2min Double-Unders,Get as many double-unders as possible in two minutes. Record your largest unbroken set in the notes,8435223,Fitness Battalion,CrossFit: 17:30,40 Reps,0,,1,0,AMRAP - Reps,5
10/23/2017,Metcon,"21-15-9
WB Shots [20/14]
Burpees",8497255,Fitness Battalion,CrossFit: 17:30,4:33,0,,1,0,Time,
10/21/2017,Metcon,"For Time
100m Burpee Broad Jumps
Then
9 Rounds
5 Deadlifts
1 Power Clean
5 Front Squats
(Weights increase each round)
[165/110][95/65][35/26Gob]
[175/115][105/70][35/26Gob]
[185/125][115/75][35/26Gob]
[195/130][125/80][44/35Gob]
[205/140][135/85][44/35Gob]
[215/145][145/90][44/35Gob]
[225/155][155/95][53/44Gob]
[235/160][165/100][53/44Gob]
[245/170][175/105][53/44Gob]",8415490,Fitness Battalion,CrossFit: 10:00,27:45,0,,1,0,Time,"Cap +, Up to 120#"
10/20/2017,2min Double-Unders,Get as many double-unders as possible in two minutes. Record your largest unbroken set in the notes,8435223,Fitness Battalion,CrossFit: 6:30,4 Reps,0,,0,0,AMRAP - Reps,
10/20/2017,Metcon,"15min AMRAP
1 Shoulder Presses [65/45]
2 Push Presses
3 Jerks
4 Back Squats
5 Back Squat Jumps
10 Burpees",8435245,Fitness Battalion,CrossFit: 6:30,8 + 6,0,,1,0,AMRAP - Rounds and Reps,55#
10/18/2017,Metcon,"15min AMRAP
5 Clusters [95/65]
40m Frog Jumps",8435164,Fitness Battalion,CrossFit: 17:30,7 + 0,0,,1,0,AMRAP - Rounds and Reps,
10/16/2017,Metcon,"15 Power Snatches [95/65]
5 Rope Climbs
12 Power Snatches
3 Rope Climbs
9 Power Snatches
1 Rope Climbs",8435124,Fitness Battalion,CrossFit: 17:30,8:20,0,,1,0,Time,
10/13/2017,Metcon,"10 Rounds
10 Hang Power Cleans [95/65]
100m Sprint",8415480,Fitness Battalion,CrossFit: 17:30,10:31,0,,1,0,Time,
10/11/2017,Metcon,"15min AMRAP
3 KB DL [53/35]
3 RKB Swings
3 KB Swings",8415468,Fitness Battalion,CrossFit: 12:00,37 + 0,0,,1,0,AMRAP - Rounds and Reps,
10/09/2017,Captain Amanda,"12-9-6
Bar Muscle Ups
Power Snatch [95/65]",8415455,Fitness Battalion,CrossFit: 12:00,7:05,0,,0,0,Time,"box assisted, 70#"
10/07/2017,FB Triathlon,"FB Triathlon
10min AMRAP
Back Squats [BW][75%BW][Box]
Then
5000m Row
Then
Monster Mile Run
(Each back squat completed earns a 6 second reduction of your total time)",8415434,Fitness Battalion,CrossFit: 10:00,40:25,0,,0,0,Time,105#
10/06/2017,Metcon,"12 Thrusters [95/65]
7 Bar Muscle Ups
9 Thrusters
5 Bar Muscle Ups
6 Thrusters
3 Bar Muscle Ups",8415431,Fitness Battalion,CrossFit: 17:30,5:00,0,,0,0,Time,"70#, box assisted"
10/04/2017,Metcon,"300 Front Rack Lunges [65/45]
100 Seated KB Presses [26s, 18s]
(After finishing the presses complete one round of the following for everytime you broke during the squats and presses)
5 Pull Ups
5 Toes to Bar",8415414,Fitness Battalion,CrossFit: 17:30,43:00,0,,1,0,Time,
10/02/2017,Nancy,"5 Rounds for time of:  
400m Run  
15 Overhead Squats, 95# / 65#",183,Fitness Battalion,CrossFit: 12:00,18:09,0,,1,0,Time,
09/30/2017,Metcon,"Teams of Three
Complete the Following for Time:
Thing 1: 150m Run
Thing 2: Overhead Hold [135/95][95/65][35/22]
Thing 3: WB Shots [20/14][14/10][]
Then
Thing 1: 250m Run
Thing 2: Hollow Body Hold
Thing 3: Front Squats
Then
Thing 1: 400m Run
Thing 2: Squat Hold
Thing 3: WB Shot-Ups
Then
Thing 1: 800m Run
ThIng 2: Handstand Hold
Thing 3: Power Clean and Jerks
Then
Thing 1: Monster Mile Run
Thing 2: AMRAP
10 Burpees
20 V-Ups
30 Squat Jumps
Thing 3: AMRAP
5 Power Snatches
10 Overheaed Squats
15 Deadlifts
Then
Thing 1: 800m Run
ThIng 2: Handstand Hold
Thing 3: Power Clean and Jerks
Then
Thing 1: 400m Run
Thing 2: Squat Hold
Thing 3: WB Shot Ups
Then
Thing 1: 250m Run
Thing 2: Hollow Body Hold
Thing 3: Front Squats
Then
Thing 1: 150m Run
Thing 2: Overhead Hold
Thing 3: WB Shots
(Rotate team members between runs as you choose. Bar weight is the same for all movements)",8379125,Fitness Battalion,CrossFit: 10:00,25:46,0,,0,0,Time,
09/29/2017,Captain Davis,"5 Rounds
15 Deadlifts [95/65]
10 Hang Power Cleans
5 Push Jerks",8242507,Fitness Battalion,CrossFit: 12:00,8:30,0,,1,0,Time,
09/27/2017,Metcon,"15min AMRAP
10 Push Ups
25 V-Ups
50m Bear Crawl",8379061,Fitness Battalion,CrossFit: 18:30,4 + 0,0,,1,0,AMRAP - Rounds and Reps,GHDs and V-ups
09/25/2017,Metcon,"21-15-9
Box Jumps [24""]
RKB Swings [70/53]",8379026,Fitness Battalion,CrossFit: 17:30,4:02,0,,1,0,Time,
09/22/2017,Metcon,"21-15-9
Calorie Row
Deadlift [185/125]",8338140,Fitness Battalion,CrossFit: 12:00,7:25,0,,1,0,Time,
09/20/2017,Metcon,"15min AMRAP
25 Double Unders
10 WB Shots [20/14]",8338128,Fitness Battalion,CrossFit: 12:00,5 + 0,0,,0,0,AMRAP - Rounds and Reps,"double, single, single, single x 10 each round"
09/18/2017,Max Double-Unders,Max set of Unbroken Double-Unders,165,Fitness Battalion,CrossFit: 17:30,1 Reps,0,,1,0,AMRAP - Reps,
09/16/2017,Badger,"Three Rounds for time of:  
30 'Squat' Cleans, 95#  
30 Pull-ups
Run 800 meters",93,Fitness Battalion,CrossFit: 10:00,37:38,0,,0,0,Time,
09/15/2017,Metcon,"3 Rounds
3 Rope Climbs
25 Back Squats [125/85]",8296270,Fitness Battalion,CrossFit: 6:30,8:15,0,,0,0,Time,Rope climbs looking better!!!!
09/12/2017,Metcon,"5 Rounds
3 Rope Climbs
10 Toes to Bar
21 Walking Lunges
400m Run",8296237,Fitness Battalion,CrossFit: 12:00,17:42,0,,0,0,Time,G2B and K2W
09/08/2017,Captain Davis,"5 Rounds
15 Deadlifts [95/65]
10 Hang Power Cleans
5 Push Jerks",8242507,Fitness Battalion,CrossFit: 6:30,14:01,0,,0,0,Time,75/70
09/06/2017,Metcon,"5 Back Squats [225/155]
1 Rope Climb
5 Back Squats
2 Rope Climb
5 Back Squats
3 Rope Climb
5 Back Squats
2 Rope Climb
5 Back Squats
1 Rope Climb",8242446,Fitness Battalion,CrossFit: 17:30,8:05,0,,0,0,Time,105# bcksqt
09/04/2017,Metcon,"15min AMRAP
400m Run
10 Toes to Bar
50 Double Unders
15 Squat Jumps",8242410,Fitness Battalion,CrossFit: 6:30,3 + 250,0,,0,0,AMRAP - Rounds and Reps,leg raises/ singles 2:1 and mod DU
09/01/2017,Metcon,"1 Rope Climb
5 Push Presses [95/65]
2 Rope Climbs
10 Push Presses
3 Rope Climbs
15 Push Presses
Then
15 Bear Complexes [95/65]",8205977,Fitness Battalion,CrossFit: 6:30,9:03,0,,0,0,Time,
08/30/2017,Grace,"For Time:  
30 Clean and Jerks, 135# / 95#",128,Fitness Battalion,CrossFit: 12:00,4:20,0,,0,0,Time,75#
08/28/2017,Metcon,"15min AMRAP
400m Run
10 Burpee Box Jump Overs [24""]",8205892,Fitness Battalion,CrossFit: 12:00,4 + 0,0,,1,0,AMRAP - Rounds and Reps,
08/25/2017,Godzuki,"10min AMRAP
5 Goblet Squats
5 Low Bar Pull Ups
5 Goblet Squat Clean Thrusters
5 Front Rolls",8051087,Fitness Battalion,CrossFit: 12:00,2 + 15,0,,1,0,AMRAP - Rounds and Reps,"44#, bar roll over"
08/23/2017,Metcon,"40min AMRAP
50 Star Jumps
100 Single Unders
50 RKB Swings
25 Walking Lunges",8051063,Fitness Battalion,CrossFit: 12:00,5 + 0,0,,1,0,AMRAP - Rounds and Reps,35#
08/21/2017,Nasty Avengers,"5 Rounds
20 Squat Jumps
3 Bar Muscle Ups
10 Power Cleans [95/65]",8051051,Fitness Battalion,CrossFit: 12:00,10:19,0,,0,0,Time,box assisted muscle ups
08/19/2017,Metcon,"Teams of Two
20-19-18-...-3-2-1
Deadlift [225/155][155/105][KB]
Front Squat [225/155][155/105][Goblet]
Pull Ups
(One bar or bell per team. One person working at a time. Team mate must finish their working set (ex 20 deadlifts) before switching)",8051034,Fitness Battalion,CrossFit: 10:00,25:00,0,,0,0,Time,
08/18/2017,Elizabeth Smash,"9-7-5
Squat Cleans [225/135]
Ring HSPU",8051031,Fitness Battalion,CrossFit: 17:30,12:04,0,,0,0,Time,foot assisted dips
08/17/2017,Metcon,"9 Rounds of 4min
400m Run
Or
500m Row
Or
75 Double Unders
Then
Max WB Shots [14/10]
(1min Rest between rounds)",8051006,Fitness Battalion,CrossFit: 6:30,270 Reps,0,,1,0,AMRAP - Reps,
08/16/2017,Metcon,"15min AMRAP
10 KB Swings [53/35]
10m Backwards Bear Crawl KB Drag",8051001,Fitness Battalion,CrossFit: 12:00,9 + 0,0,,1,0,AMRAP - Rounds and Reps,
08/11/2017,Metcon,"21-15-9
Hang Power Cleans [95/65]
WB Shots [14/10]",8049843,Fitness Battalion,CrossFit: 6:30,5:51,0,,1,0,Time,
08/09/2017,Metcon,"15min AMRAP
10cal Row
10 KB Swings [53/35]
5 Strict Pull Ups",8049803,Fitness Battalion,CrossFit: 17:30,7 + 0,0,,0,0,AMRAP - Rounds and Reps,low bar pullups
08/08/2017,Kyle-RAP,"45min AMRAP
30sec Sumo Squat Hold
100m Sprint
10 Step Ups [24""]
30m Frog Jumps
10 Burpees
30m Walking Lunges
10 Ring Rows",8049786,Fitness Battalion,CrossFit: 6:30,6 + 136,0,,1,0,AMRAP - Rounds and Reps,
08/07/2017,Annie,"50-40-30-20-10  
Double-unders  
Sit-ups",91,Fitness Battalion,CrossFit: 17:30,10:00,0,,0,0,Time,
08/04/2017,Filthy Fifty,"For Time:  
50 Box jumps, 24""   
50 Jumping pull-ups  
50 Kettlebell swings, 1 pood  
50 steps Walking Lunge  
50 Knees to elbows  
50 Push press, 45#   
50 Back extensions   
50 Wall ball shots, 20#  
50 Burpees 
50 Double unders",121,Fitness Battalion,CrossFit: 6:30,23:06,0,,0,0,Time,scaled
